"involvedStates","basinSize"
"0",110592
"362496",20480
"593921",508928
"886784",15360
"1052674",110592
"1411072",20480
"1642507",42880
"1642497",459776
"1576962",6272
"1935360",15360
"2097188",110592
"2459652",20480
"2691117",508928
"2983940",15360
"3149862",110592
"3508228",20480
"3739695",42880
"3739693",459776
"3674150",6272
"4032516",15360
"4194304",110592
"4556800",20480
"4788225",508928
"5081088",15360
"5246978",110592
"5605376",20480
"5836811",42880
"5836801",459776
"5771266",6272
"6129664",15360
"6555700",524288
"6885437",524288
"7608374",524288
"7934015",229888
"7934013",224256
"8132662",70144
"8388768",110592
"8751232",20480
"8982697",508928
"9275520",15360
"9441442",110592
"9799808",20480
"10031275",42880
"10031273",459776
"9965730",6272
"10324096",15360
"10485924",110592
"10848388",20480
"11079853",508928
"11372676",15360
"11538598",110592
"11896964",20480
"12128431",42880
"12128429",459776
"12062886",6272
"12421252",15360
"12847152",524288
"13176889",524288
"13899826",524288
"14225467",229888
"14225465",224256
"14424114",70144
"14944308",524288
"15274045",524288
"15996982",524288
"16322623",229888
"16322621",224256
"16521270",70144
"16777216",110592
"17139712",20480
"17371137",508928
"17664000",15360
"17829890",110592
"18188288",20480
"18419723",42880
"18419713",459776
"18354178",6272
"18712576",15360
"18874404",110592
"19236868",20480
"19468333",508928
"19761156",15360
"19927078",110592
"20285444",20480
"20516911",42880
"20516909",459776
"20451366",6272
"20809732",15360
"20971520",110592
"21334016",20480
"21565441",508928
"21858304",15360
"22024194",110592
"22382592",20480
"22614027",42880
"22614017",459776
"22548482",6272
"22906880",15360
"23332916",524288
"23662653",524288
"24385590",524288
"24711231",229888
"24711229",224256
"24909878",70144
"25166048",110592
"25528512",20480
"25759913",508928
"26052800",15360
"26218722",110592
"26577088",20480
"26808491",42880
"26808489",459776
"26743010",6272
"27101376",15360
"27263204",110592
"27625668",20480
"27857069",508928
"28149956",15360
"28315878",110592
"28674244",20480
"28905647",42880
"28905645",459776
"28840166",6272
"29198532",15360
"29624368",524288
"29954105",524288
"30677042",524288
"31002683",229888
"31002681",224256
"31201330",70144
"31721524",524288
"32051261",524288
"32774198",524288
"33099839",229888
"33099837",224256
"33298486",70144
"33554432",110592
"33851392",20480
"34082817",524288
"34607106",110592
"34899968",20480
"35131403",44032
"35131393",475136
"35131394",5120
"35651620",67488
"35799332",224
"35948548",20480
"36180013",399392
"36327725",224
"36704294",67488
"36852006",224
"36997124",20480
"37228591",25104
"37228589",371300
"37228582",2988
"37376303",168
"37376301",44
"37376294",12
"37748736",110592
"38045696",20480
"38277121",524288
"38801410",110592
"39094272",20480
"39325707",44032
"39325697",475136
"39325698",5120
"40110132",336960
"40257844",704
"40374333",336960
"40522045",704
"41162806",336960
"41310518",704
"41422911",160176
"41422909",150264
"41687094",26520
"41570623",528
"41570621",88
"41834806",88
"41943200",73248
"42090912",96
"42240128",20480
"42471593",427168
"42619305",96
"42995874",73248
"43143586",96
"43288704",20480
"43520171",27120
"43520169",397060
"43520162",2988
"43667883",72
"43667881",12
"43667874",12
"44040356",67488
"44188068",224
"44337284",20480
"44568749",399392
"44716461",224
"45093030",67488
"45240742",224
"45385860",20480
"45617327",25104
"45617325",371300
"45617318",2988
"45765039",168
"45765037",44
"45765030",12
"46401584",336960
"46549296",704
"46665785",336960
"46813497",704
"47454258",336960
"47601970",704
"47714363",160176
"47714361",150264
"47978546",26520
"47862075",528
"47862073",88
"48126258",88
"48498740",336960
"48646452",704
"48762941",336960
"48910653",704
"49551414",336960
"49699126",704
"49811519",160176
"49811517",150264
"50075702",26520
"49959231",528
"49959229",88
"50223414",88
"50331648",110592
"50628608",20480
"50860033",524288
"51384322",110592
"51677184",20480
"51908619",44032
"51908609",475136
"51908610",5120
"52428836",67488
"52576548",224
"52725764",20480
"52957229",399392
"53104941",224
"53481510",67488
"53629222",224
"53774340",20480
"54005807",25104
"54005805",371300
"54005798",2988
"54153519",168
"54153517",44
"54153510",12
"54525952",110592
"54822912",20480
"55054337",524288
"55578626",110592
"55871488",20480
"56102923",44032
"56102913",475136
"56102914",5120
"56887348",336960
"57035060",704
"57151549",336960
"57299261",704
"57940022",336960
"58087734",704
"58200127",160176
"58200125",150264
"58464310",26520
"58347839",528
"58347837",88
"58612022",88
"58720480",73248
"58868192",96
"59017408",20480
"59248809",427168
"59396521",96
"59773154",73248
"59920866",96
"60065984",20480
"60297387",27120
"60297385",397060
"60297442",2988
"60445099",72
"60445097",12
"60445154",12
"60817636",67488
"60965348",224
"61114564",20480
"61345965",399392
"61493677",224
"61870310",67488
"62018022",224
"62163140",20480
"62394543",25104
"62394541",371300
"62394598",2988
"62542255",168
"62542253",44
"62542310",12
"63178800",336960
"63326512",704
"63443001",336960
"63590713",704
"64231474",336960
"64379186",704
"64491579",160176
"64491577",150264
"64755762",26520
"64639291",528
"64639289",88
"64903474",88
"65275956",336960
"65423668",704
"65540157",336960
"65687869",704
"66328630",336960
"66476342",704
"66588735",160176
"66588733",150264
"66852918",26520
"66736447",528
"66736445",88
"67000630",88
"67485184",524288
"67712513",303616
"67702785",65536
"68009472",155136
"68533760",516096
"68161538",8192
"68761099",35840
"68761089",272128
"68751361",59392
"68685826",2048
"68751371",6144
"69058048",148736
"69582340",524288
"69809669",303616
"69799981",65536
"70106628",155136
"70630916",516096
"70258726",8192
"70858255",35840
"70858245",272128
"70848557",59392
"70783014",2048
"70848559",6144
"71155204",148736
"71679488",524288
"71906817",303616
"71897089",65536
"72203776",155136
"72728064",516096
"72355842",8192
"72955403",35840
"72955393",272128
"72945665",59392
"72880130",2048
"72945675",6144
"73252352",148736
"73743892",524288
"74003989",311296
"73994301",65536
"74268180",147456
"74792470",241664
"74717238",24576
"74792468",258048
"75052575",130560
"75042877",53248
"75241526",12288
"75042879",12288
"75316756",87040
"75052565",171008
"75316758",57856
"75873920",524288
"76101249",303616
"76091561",65536
"76398208",155136
"76922496",516096
"76550306",8192
"77149835",35840
"77149825",272128
"77140137",59392
"77074594",2048
"77140139",6144
"77446784",148736
"77971076",524288
"78198405",303616
"78188717",65536
"78495364",155136
"79019652",516096
"78647462",8192
"79246991",35840
"79246981",272128
"79237293",59392
"79171750",2048
"79237295",6144
"79543940",148736
"80035344",524288
"80295441",311296
"80285753",65536
"80559632",147456
"81083922",241664
"81008690",24576
"81083920",258048
"81344027",130560
"81334329",53248
"81532978",12288
"81334331",12288
"81608208",87040
"81344017",171008
"81608210",57856
"82132500",524288
"82392597",311296
"82382909",65536
"82656788",147456
"83181078",241664
"83105846",24576
"83181076",258048
"83441183",130560
"83431485",53248
"83630134",12288
"83431487",12288
"83705364",87040
"83441173",171008
"83705366",57856
"84262400",524288
"84489729",303616
"84480001",65536
"84786688",155136
"85310976",516096
"84938754",8192
"85538315",35840
"85538305",272128
"85528577",59392
"85463042",2048
"85528587",6144
"85835264",148736
"86359556",524288
"86586885",303616
"86577197",65536
"86883844",155136
"87408132",516096
"87035942",8192
"87635471",35840
"87635461",272128
"87625773",59392
"87560230",2048
"87625775",6144
"87932420",148736
"88456704",524288
"88684033",303616
"88674305",65536
"88980992",155136
"89505280",516096
"89133058",8192
"89732619",35840
"89732609",272128
"89722881",59392
"89657346",2048
"89722891",6144
"90029568",148736
"90521108",524288
"90781205",311296
"90771517",65536
"91045396",147456
"91569686",241664
"91494454",24576
"91569684",258048
"91829791",130560
"91820093",53248
"92018742",12288
"91820095",12288
"92093972",87040
"91829781",171008
"92093974",57856
"92651200",524288
"92878465",303616
"92868777",65536
"93175488",155136
"93699776",516096
"93327586",8192
"93927051",35840
"93927041",272128
"93917353",59392
"93851874",2048
"93917355",6144
"94224064",148736
"94748356",524288
"94975621",303616
"94965933",65536
"95272644",155136
"95796932",516096
"95424742",8192
"96024207",35840
"96024197",272128
"96014509",59392
"95949030",2048
"96014511",6144
"96321220",148736
"96812560",524288
"97072657",311296
"97062969",65536
"97336848",147456
"97861138",241664
"97785906",24576
"97861136",258048
"98121243",130560
"98111545",53248
"98310194",12288
"98111547",12288
"98385424",87040
"98121233",171008
"98385426",57856
"98909716",524288
"99169813",311296
"99160125",65536
"99434004",147456
"99958294",241664
"99883062",24576
"99958292",258048
"100218399",130560
"100208701",53248
"100407350",12288
"100208703",12288
"100482580",87040
"100218389",171008
"100482582",57856
"100974080",524288
"101201409",344064
"101191681",65536
"101498368",114688
"102022656",516096
"101715970",8192
"102249995",36864
"102249985",305152
"102240257",59392
"102240258",2048
"102240267",6144
"102546944",114688
"103071236",524288
"103298565",344064
"103288877",44072
"103595524",114688
"103436589",88
"104119812",516096
"103813158",4104
"103960870",56
"104347151",36864
"104347141",305152
"104337453",41012
"104337446",1044
"104337455",3060
"104644100",114688
"104485165",44
"104485158",12
"104485167",44
"105168384",524288
"105395713",344064
"105385985",65536
"105692672",114688
"106216960",516096
"105910274",8192
"106444299",36864
"106444289",305152
"106434561",59392
"106434562",2048
"106434571",6144
"106741248",114688
"107232788",524288
"107492885",344064
"107483197",37776
"107757076",114688
"107630909",176
"108281366",241664
"108271670",12240
"108281364",258048
"108419382",176
"108541471",157696
"108531773",31656
"108795958",6120
"108531775",6120
"108805652",83968
"108541461",174080
"108805654",30720
"108679485",88
"108943670",88
"108679487",88
"109362816",524288
"109590145",344064
"109580457",50792
"109887104",114688
"109728169",24
"110411392",516096
"110104738",4776
"110252450",24
"110638731",36864
"110638721",305152
"110629033",47060
"110629026",1044
"110629035",3732
"110935680",114688
"110776745",12
"110776738",12
"110776747",12
"111459972",524288
"111687301",344064
"111677613",44072
"111984260",114688
"111825325",88
"112508548",516096
"112201894",4104
"112349606",56
"112735887",36864
"112735877",305152
"112726189",41012
"112726182",1044
"112726191",3060
"113032836",114688
"112873901",44
"112873894",12
"112873903",44
"113524240",524288
"113784337",344064
"113774649",37776
"114048528",114688
"113922361",176
"114572818",241664
"114563122",12240
"114572816",258048
"114710834",176
"114832923",157696
"114823225",31656
"115087410",6120
"114823227",6120
"115097104",83968
"114832913",174080
"115097106",30720
"114970937",88
"115235122",88
"114970939",88
"115621396",524288
"115881493",344064
"115871805",37776
"116145684",114688
"116019517",176
"116669974",241664
"116660278",12240
"116669972",258048
"116807990",176
"116930079",157696
"116920381",31656
"117184566",6120
"116920383",6120
"117194260",83968
"116930069",174080
"117194262",30720
"117068093",88
"117332278",88
"117068095",88
"117751296",524288
"117978625",344064
"117968897",65536
"118275584",114688
"118799872",516096
"118493186",8192
"119027211",36864
"119027201",305152
"119017473",59392
"119017474",2048
"119017483",6144
"119324160",114688
"119848452",524288
"120075781",344064
"120066093",44072
"120372740",114688
"120213805",88
"120897028",516096
"120590374",4104
"120738086",56
"121124367",36864
"121124357",305152
"121114669",41012
"121114662",1044
"121114671",3060
"121421316",114688
"121262381",44
"121262374",12
"121262383",44
"121945600",524288
"122172929",344064
"122163201",65536
"122469888",114688
"122994176",516096
"122687490",8192
"123221515",36864
"123221505",305152
"123211777",59392
"123211778",2048
"123211787",6144
"123518464",114688
"124010004",524288
"124270101",344064
"124260413",37776
"124534292",114688
"124408125",176
"125058582",241664
"125048886",12240
"125058580",258048
"125196598",176
"125318687",157696
"125308989",31656
"125573174",6120
"125308991",6120
"125582868",83968
"125318677",174080
"125582870",30720
"125456701",88
"125720886",88
"125456703",88
"126140096",524288
"126367361",344064
"126357673",50792
"126664384",114688
"126505385",24
"127188672",516096
"126882018",4776
"127029730",24
"127415947",36864
"127415937",305152
"127406249",47060
"127406306",1044
"127406251",3732
"127712960",114688
"127553961",12
"127554018",12
"127553963",12
"128237252",524288
"128464517",344064
"128454829",44072
"128761540",114688
"128602541",88
"129285828",516096
"128979174",4104
"129126886",56
"129513103",36864
"129513093",305152
"129503405",41012
"129503462",1044
"129503407",3060
"129810116",114688
"129651117",44
"129651174",12
"129651119",44
"130301456",524288
"130561553",344064
"130551865",37776
"130825744",114688
"130699577",176
"131350034",241664
"131340338",12240
"131350032",258048
"131488050",176
"131610139",157696
"131600441",31656
"131864626",6120
"131600443",6120
"131874320",83968
"131610129",174080
"131874322",30720
"131748153",88
"132012338",88
"131748155",88
"132398612",524288
"132658709",344064
"132649021",37776
"132922900",114688
"132796733",176
"133447190",241664
"133437494",12240
"133447188",258048
"133585206",176
"133707295",157696
"133697597",31656
"133961782",6120
"133697599",6120
"133971476",83968
"133707285",174080
"133971478",30720
"133845309",88
"134109494",88
"133845311",88
"134580224",20480
"134811649",508928
"135104512",15360
"135628800",20480
"135860235",42752
"135860225",459776
"136153088",15360
"136677380",20480
"136908845",508928
"137201668",15360
"137725956",20480
"137957423",42752
"137957421",459776
"138250244",15360
"138774528",20480
"139005953",508928
"139298816",15360
"139823104",20480
"140054539",42752
"140054529",459776
"140347392",15360
"141103165",524288
"142151743",217088
"142151741",224256
"142968960",20480
"143200425",508928
"143493248",15360
"144017536",20480
"144249003",42752
"144249001",459776
"144541824",15360
"145066116",20480
"145297581",508928
"145590404",15360
"146114692",20480
"146346159",42752
"146346157",459776
"146638980",15360
"147394617",524288
"148443195",217088
"148443193",224256
"149491773",524288
"150540351",217088
"150540349",224256
"151357440",20480
"151588865",508928
"151881728",15360
"152406016",20480
"152637451",42752
"152637441",459776
"152930304",15360
"153454596",20480
"153686061",508928
"153978884",15360
"154503172",20480
"154734639",42752
"154734637",459776
"155027460",15360
"155551744",20480
"155783169",508928
"156076032",15360
"156600320",20480
"156831755",42752
"156831745",459776
"157124608",15360
"157880381",524288
"158928959",217088
"158928957",224256
"159746240",20480
"159977641",508928
"160270528",15360
"160794816",20480
"161026219",42752
"161026217",459776
"161319104",15360
"161843396",20480
"162074797",508928
"162367684",15360
"162891972",20480
"163123375",42752
"163123373",459776
"163416260",15360
"164171833",524288
"165220411",217088
"165220409",224256
"166268989",524288
"167317567",217088
"167317565",224256
"167919616",110592
"168216576",20480
"168448001",524288
"168972290",110592
"169265152",20480
"169496587",44032
"169496577",475136
"169496578",5120
"170017060",110592
"170313732",20480
"170545453",524288
"171069734",110592
"171362308",20480
"171594031",44032
"171594029",475136
"171594022",5120
"172113920",110592
"172410880",20480
"172642305",524288
"173166594",110592
"173459456",20480
"173690891",44032
"173690881",475136
"173690882",5120
"174475572",524288
"174739773",524288
"175528246",524288
"175788351",256000
"175788349",225280
"176052534",43008
"176308640",110592
"176605312",20480
"176837033",524288
"177361314",110592
"177653888",20480
"177885611",44032
"177885609",475136
"177885602",5120
"178405796",110592
"178702468",20480
"178934189",524288
"179458470",110592
"179751044",20480
"179982767",44032
"179982765",475136
"179982758",5120
"180767024",524288
"181031225",524288
"181819698",524288
"182079803",256000
"182079801",225280
"182343986",43008
"182864180",524288
"183128381",524288
"183916854",524288
"184176959",256000
"184176957",225280
"184441142",43008
"184696832",110592
"184993792",20480
"185225217",524288
"185749506",110592
"186042368",20480
"186273803",44032
"186273793",475136
"186273794",5120
"186794276",110592
"187090948",20480
"187322669",524288
"187846950",110592
"188139524",20480
"188371247",44032
"188371245",475136
"188371238",5120
"188891136",110592
"189188096",20480
"189419521",524288
"189943810",110592
"190236672",20480
"190468107",44032
"190468097",475136
"190468098",5120
"191252788",524288
"191516989",524288
"192305462",524288
"192565567",256000
"192565565",225280
"192829750",43008
"193085920",110592
"193382592",20480
"193614249",524288
"194138594",110592
"194431168",20480
"194662827",44032
"194662825",475136
"194662882",5120
"195183076",110592
"195479748",20480
"195711405",524288
"196235750",110592
"196528324",20480
"196759983",44032
"196759981",475136
"196760038",5120
"197544240",524288
"197808441",524288
"198596914",524288
"198857019",256000
"198857017",225280
"199121202",43008
"199641396",524288
"199905597",524288
"200694070",524288
"200954175",256000
"200954173",225280
"201218358",43008
"201702912",524288
"201930241",301056
"201920513",65536
"202227200",157696
"202751488",516096
"202978827",35840
"202978817",265728
"202969089",59392
"202969099",6144
"203275776",155136
"203800068",524288
"204027397",301056
"204017709",65536
"204324356",157696
"204848644",516096
"205075983",35840
"205075973",265728
"205066285",59392
"205066287",6144
"205372932",155136
"205897216",524288
"206124545",301056
"206114817",65536
"206421504",157696
"206945792",516096
"207173131",35840
"207173121",265728
"207163393",59392
"207163403",6144
"207470080",155136
"207961620",524288
"208221717",306176
"208212029",65536
"208485908",152576
"209010198",241664
"209010196",258048
"209270303",126976
"209260605",53248
"209260607",12288
"209534484",87040
"209270293",171008
"209534486",61440
"210091648",524288
"210318977",301056
"210309289",65536
"210615936",157696
"211140224",516096
"211367563",35840
"211367553",265728
"211357865",59392
"211357867",6144
"211664512",155136
"212188804",524288
"212416133",301056
"212406445",65536
"212713092",157696
"213237380",516096
"213464719",35840
"213464709",265728
"213455021",59392
"213455023",6144
"213761668",155136
"214253072",524288
"214513169",306176
"214503481",65536
"214777360",152576
"215301650",241664
"215301648",258048
"215561755",126976
"215552057",53248
"215552059",12288
"215825936",87040
"215561745",171008
"215825938",61440
"216350228",524288
"216610325",306176
"216600637",65536
"216874516",152576
"217398806",241664
"217398804",258048
"217658911",126976
"217649213",53248
"217649215",12288
"217923092",87040
"217658901",171008
"217923094",61440
"218480128",524288
"218707457",301056
"218697729",65536
"219004416",157696
"219528704",516096
"219756043",35840
"219756033",265728
"219746305",59392
"219746315",6144
"220052992",155136
"220577284",524288
"220804613",301056
"220794925",65536
"221101572",157696
"221625860",516096
"221853199",35840
"221853189",265728
"221843501",59392
"221843503",6144
"222150148",155136
"222674432",524288
"222901761",301056
"222892033",65536
"223198720",157696
"223723008",516096
"223950347",35840
"223950337",265728
"223940609",59392
"223940619",6144
"224247296",155136
"224738836",524288
"224998933",306176
"224989245",65536
"225263124",152576
"225787414",241664
"225787412",258048
"226047519",126976
"226037821",53248
"226037823",12288
"226311700",87040
"226047509",171008
"226311702",61440
"226868928",524288
"227096193",301056
"227086505",65536
"227393216",157696
"227917504",516096
"228144779",35840
"228144769",265728
"228135081",59392
"228135083",6144
"228441792",155136
"228966084",524288
"229193349",301056
"229183661",65536
"229490372",157696
"230014660",516096
"230241935",35840
"230241925",265728
"230232237",59392
"230232239",6144
"230538948",155136
"231030288",524288
"231290385",306176
"231280697",65536
"231554576",152576
"232078866",241664
"232078864",258048
"232338971",126976
"232329273",53248
"232329275",12288
"232603152",87040
"232338961",171008
"232603154",61440
"233127444",524288
"233387541",306176
"233377853",65536
"233651732",152576
"234176022",241664
"234176020",258048
"234436127",126976
"234426429",53248
"234426431",12288
"234700308",87040
"234436117",171008
"234700310",61440
"235339264",524288
"235566593",344064
"235556865",65536
"235863552",114688
"236387840",516096
"236081154",8192
"236615179",36864
"236615169",305152
"236605441",59392
"236605442",2048
"236605451",6144
"236912128",114688
"237436420",524288
"237663749",344064
"237654317",65536
"237960708",114688
"238484996",516096
"238178598",8192
"238712335",36864
"238712325",305152
"238702893",59392
"238702886",2048
"238702895",6144
"239009284",114688
"239533568",524288
"239760897",344064
"239751169",65536
"240057856",114688
"240582144",516096
"240275458",8192
"240809483",36864
"240809473",305152
"240799745",59392
"240799746",2048
"240799755",6144
"241106432",114688
"241597972",524288
"241858069",344064
"241848637",65536
"242122260",114688
"242646550",241664
"242637110",24576
"242646548",258048
"242906655",157696
"242897213",53248
"243161398",12288
"242897215",12288
"243170836",83968
"242906645",174080
"243170838",30720
"243728000",524288
"243955329",344064
"243945897",65536
"244252288",114688
"244776576",516096
"244470178",8192
"245003915",36864
"245003905",305152
"244994473",59392
"244994466",2048
"244994475",6144
"245300864",114688
"245825156",524288
"246052485",344064
"246043053",65536
"246349444",114688
"246873732",516096
"246567334",8192
"247101071",36864
"247101061",305152
"247091629",59392
"247091622",2048
"247091631",6144
"247398020",114688
"247889424",524288
"248149521",344064
"248140089",65536
"248413712",114688
"248938002",241664
"248928562",24576
"248938000",258048
"249198107",157696
"249188665",53248
"249452850",12288
"249188667",12288
"249462288",83968
"249198097",174080
"249462290",30720
"249986580",524288
"250246677",344064
"250237245",65536
"250510868",114688
"251035158",241664
"251025718",24576
"251035156",258048
"251295263",157696
"251285821",53248
"251550006",12288
"251285823",12288
"251559444",83968
"251295253",174080
"251559446",30720
"252116480",524288
"252343809",344064
"252334081",65536
"252640768",114688
"253165056",516096
"252858370",8192
"253392395",36864
"253392385",305152
"253382657",59392
"253382658",2048
"253382667",6144
"253689344",114688
"254213636",524288
"254440965",344064
"254431533",65536
"254737924",114688
"255262212",516096
"254955814",8192
"255489551",36864
"255489541",305152
"255480109",59392
"255480102",2048
"255480111",6144
"255786500",114688
"256310784",524288
"256538113",344064
"256528385",65536
"256835072",114688
"257359360",516096
"257052674",8192
"257586699",36864
"257586689",305152
"257576961",59392
"257576962",2048
"257576971",6144
"257883648",114688
"258375188",524288
"258635285",344064
"258625853",65536
"258899476",114688
"259423766",241664
"259414326",24576
"259423764",258048
"259683871",157696
"259674429",53248
"259938614",12288
"259674431",12288
"259948052",83968
"259683861",174080
"259948054",30720
"260505280",524288
"260732545",344064
"260723113",65536
"261029568",114688
"261553856",516096
"261247458",8192
"261781131",36864
"261781121",305152
"261771689",59392
"261771746",2048
"261771691",6144
"262078144",114688
"262602436",524288
"262829701",344064
"262820269",65536
"263126724",114688
"263651012",516096
"263344614",8192
"263878287",36864
"263878277",305152
"263868845",59392
"263868902",2048
"263868847",6144
"264175300",114688
"264666640",524288
"264926737",344064
"264917305",65536
"265190928",114688
"265715218",241664
"265705778",24576
"265715216",258048
"265975323",157696
"265965881",53248
"266230066",12288
"265965883",12288
"266239504",83968
"265975313",174080
"266239506",30720
"266763796",524288
"267023893",344064
"267014461",65536
"267288084",114688
"267812374",241664
"267802934",24576
"267812372",258048
"268072479",157696
"268063037",53248
"268327222",12288
"268063039",12288
"268336660",83968
"268072469",174080
"268336662",30720
"268797952",524288
"269324289",409088
"269322240",115200
"269846528",524288
"270372865",386048
"270370816",138240
"270895108",524288
"271421445",409088
"271419396",115200
"271943684",524288
"272470021",386048
"272467972",138240
"272992256",524288
"273518593",409088
"273516544",115200
"274040832",524288
"274567169",386048
"274565120",138240
"274991156",524288
"275583037",524288
"276043830",524288
"276631615",229888
"276631613",224256
"276568118",70144
"277186688",524288
"277713025",409088
"277710976",115200
"278235264",524288
"278761601",386048
"278759552",138240
"279283844",524288
"279810181",409088
"279808132",115200
"280332420",524288
"280858757",386048
"280856708",138240
"281282608",524288
"281874489",524288
"282335282",524288
"282923067",229888
"282923065",224256
"282859570",70144
"283379764",524288
"283971645",524288
"284432438",524288
"285020223",229888
"285020221",224256
"284956726",70144
"285575168",524288
"286101505",409088
"286099456",115200
"286623744",524288
"287150081",386048
"287148032",138240
"287672324",524288
"288198661",409088
"288196612",115200
"288720900",524288
"289247237",386048
"289245188",138240
"289769472",524288
"290295809",409088
"290293760",115200
"290818048",524288
"291344385",386048
"291342336",138240
"291768372",524288
"292360253",524288
"292821046",524288
"293408831",229888
"293408829",224256
"293345334",70144
"293963968",524288
"294490241",409088
"294488256",115200
"295012544",524288
"295538817",386048
"295536832",138240
"296061124",524288
"296587397",409088
"296585412",115200
"297109700",524288
"297635973",386048
"297633988",138240
"298059824",524288
"298651705",524288
"299112498",524288
"299700283",229888
"299700281",224256
"299636786",70144
"300156980",524288
"300748861",524288
"301209654",524288
"301797439",229888
"301797437",224256
"301733942",70144
"302286848",524288
"302813185",524288
"303335424",524288
"303861761",524288
"304384004",524288
"304910341",524288
"305432580",524288
"305958917",524288
"306481152",524288
"307007489",524288
"307529728",524288
"308056065",524288
"308545588",336960
"308693300",704
"309071933",336960
"309219645",704
"309598262",336960
"309745974",704
"310120511",160176
"310120509",150264
"310122550",26520
"310268223",528
"310268221",88
"310270262",88
"310675584",524288
"311201921",524288
"311724160",524288
"312250497",524288
"312772740",524288
"313299077",524288
"313821316",524288
"314347653",524288
"314837040",336960
"314984752",704
"315363385",336960
"315511097",704
"315889714",336960
"316037426",704
"316411963",160176
"316411961",150264
"316414002",26520
"316559675",528
"316559673",88
"316561714",88
"316934196",336960
"317081908",704
"317460541",336960
"317608253",704
"317986870",336960
"318134582",704
"318509119",160176
"318509117",150264
"318511158",26520
"318656831",528
"318656829",88
"318658870",88
"319064064",524288
"319590401",524288
"320112640",524288
"320638977",524288
"321161220",524288
"321687557",524288
"322209796",524288
"322736133",524288
"323258368",524288
"323784705",524288
"324306944",524288
"324833281",524288
"325322804",336960
"325470516",704
"325849149",336960
"325996861",704
"326375478",336960
"326523190",704
"326897727",160176
"326897725",150264
"326899766",26520
"327045439",528
"327045437",88
"327047478",88
"327452864",524288
"327979137",524288
"328501440",524288
"329027713",524288
"329550020",524288
"330076293",524288
"330598596",524288
"331124869",524288
"331614256",336960
"331761968",704
"332140601",336960
"332288313",704
"332666930",336960
"332814642",704
"333189179",160176
"333189177",150264
"333191218",26520
"333336891",528
"333336889",88
"333338930",88
"333711412",336960
"333859124",704
"334237757",336960
"334385469",704
"334764086",336960
"334911798",704
"335286335",160176
"335286333",150264
"335288374",26520
"335434047",528
"335434045",88
"335436086",88
"335920640",524288
"336442881",295936
"336433153",65536
"336444928",162816
"336969216",524288
"337491457",289792
"337481729",65536
"337493504",168960
"338017796",524288
"338540037",295936
"338530309",65536
"338542084",162816
"339066372",524288
"339588613",289792
"339578885",65536
"339590660",168960
"340114944",524288
"340637185",295936
"340627457",65536
"340639232",162816
"341163520",524288
"341685761",289792
"341676033",65536
"341687808",168960
"342179348",524288
"342701589",311296
"342691901",65536
"342703636",147456
"343227926",241664
"343152694",24576
"343227924",258048
"343750175",130560
"343740477",53248
"343676982",12288
"343740479",12288
"343752212",87040
"343750165",171008
"343752214",57856
"344309376",524288
"344831617",295936
"344821889",65536
"344833664",162816
"345357952",524288
"345880193",289792
"345870465",65536
"345882240",168960
"346406532",524288
"346928773",295936
"346919045",65536
"346930820",162816
"347455108",524288
"347977349",289792
"347967621",65536
"347979396",168960
"348470800",524288
"348993041",311296
"348983353",65536
"348995088",147456
"349519378",241664
"349444146",24576
"349519376",258048
"350041627",130560
"350031929",53248
"349968434",12288
"350031931",12288
"350043664",87040
"350041617",171008
"350043666",57856
"350567956",524288
"351090197",311296
"351080509",65536
"351092244",147456
"351616534",241664
"351541302",24576
"351616532",258048
"352138783",130560
"352129085",53248
"352065590",12288
"352129087",12288
"352140820",87040
"352138773",171008
"352140822",57856
"352697856",524288
"353220097",295936
"353210369",65536
"353222144",162816
"353746432",524288
"354268673",289792
"354258945",65536
"354270720",168960
"354795012",524288
"355317253",295936
"355307525",65536
"355319300",162816
"355843588",524288
"356365829",289792
"356356101",65536
"356367876",168960
"356892160",524288
"357414401",295936
"357404673",65536
"357416448",162816
"357940736",524288
"358462977",289792
"358453249",65536
"358465024",168960
"358956564",524288
"359478805",311296
"359469117",65536
"359480852",147456
"360005142",241664
"359929910",24576
"360005140",258048
"360527391",130560
"360517693",53248
"360454198",12288
"360517695",12288
"360529428",87040
"360527381",171008
"360529430",57856
"361086656",524288
"361608833",295936
"361599105",65536
"361610944",162816
"362135232",524288
"362657409",289792
"362647681",65536
"362659520",168960
"363183812",524288
"363705989",295936
"363696261",65536
"363708100",162816
"364232388",524288
"364754565",289792
"364744837",65536
"364756676",168960
"365248016",524288
"365770257",311296
"365760569",65536
"365772304",147456
"366296594",241664
"366221362",24576
"366296592",258048
"366818843",130560
"366809145",53248
"366745650",12288
"366809147",12288
"366820880",87040
"366818833",171008
"366820882",57856
"367345172",524288
"367867413",311296
"367857725",65536
"367869460",147456
"368393750",241664
"368318518",24576
"368393748",258048
"368915999",130560
"368906301",53248
"368842806",12288
"368906303",12288
"368918036",87040
"368915989",171008
"368918038",57856
"369409536",524288
"369931777",344064
"369922049",65536
"369933824",114688
"370458112",524288
"370980353",344064
"370970625",65536
"370982400",114688
"371506692",524288
"372028933",344064
"372019205",65536
"372030980",114688
"372555268",524288
"373077509",344064
"373067781",65536
"373079556",114688
"373603840",524288
"374126081",344064
"374116353",65536
"374128128",114688
"374652416",524288
"375174657",344064
"375164929",65536
"375176704",114688
"375668244",524288
"376190485",344064
"376180797",37776
"376192532",114688
"376328509",176
"376716822",241664
"376707126",12240
"376716820",258048
"376854838",176
"377239071",157696
"377229373",31656
"377231414",6120
"377229375",6120
"377241108",83968
"377239061",174080
"377241110",30720
"377377085",88
"377379126",88
"377377087",88
"377798272",524288
"378320513",344064
"378310785",65536
"378322560",114688
"378846848",524288
"379369089",344064
"379359361",65536
"379371136",114688
"379895428",524288
"380417669",344064
"380407941",65536
"380419716",114688
"380944004",524288
"381466245",344064
"381456517",65536
"381468292",114688
"381959696",524288
"382481937",344064
"382472249",37776
"382483984",114688
"382619961",176
"383008274",241664
"382998578",12240
"383008272",258048
"383146290",176
"383530523",157696
"383520825",31656
"383522866",6120
"383520827",6120
"383532560",83968
"383530513",174080
"383532562",30720
"383668537",88
"383670578",88
"383668539",88
"384056852",524288
"384579093",344064
"384569405",37776
"384581140",114688
"384717117",176
"385105430",241664
"385095734",12240
"385105428",258048
"385243446",176
"385627679",157696
"385617981",31656
"385620022",6120
"385617983",6120
"385629716",83968
"385627669",174080
"385629718",30720
"385765693",88
"385767734",88
"385765695",88
"386186752",524288
"386708993",344064
"386699265",65536
"386711040",114688
"387235328",524288
"387757569",344064
"387747841",65536
"387759616",114688
"388283908",524288
"388806149",344064
"388796421",65536
"388808196",114688
"389332484",524288
"389854725",344064
"389844997",65536
"389856772",114688
"390381056",524288
"390903297",344064
"390893569",65536
"390905344",114688
"391429632",524288
"391951873",344064
"391942145",65536
"391953920",114688
"392445460",524288
"392967701",344064
"392958013",37776
"392969748",114688
"393105725",176
"393494038",241664
"393484342",12240
"393494036",258048
"393632054",176
"394016287",157696
"394006589",31656
"394008630",6120
"394006591",6120
"394018324",83968
"394016277",174080
"394018326",30720
"394154301",88
"394156342",88
"394154303",88
"394575552",524288
"395097729",344064
"395088001",65536
"395099840",114688
"395624128",524288
"396146305",344064
"396136577",65536
"396148416",114688
"396672708",524288
"397194885",344064
"397185157",65536
"397196996",114688
"397721284",524288
"398243461",344064
"398233733",65536
"398245572",114688
"398736912",524288
"399259153",344064
"399249465",37776
"399261200",114688
"399397177",176
"399785490",241664
"399775794",12240
"399785488",258048
"399923506",176
"400307739",157696
"400298041",31656
"400300082",6120
"400298043",6120
"400309776",83968
"400307729",174080
"400309778",30720
"400445753",88
"400447794",88
"400445755",88
"400834068",524288
"401356309",344064
"401346621",37776
"401358356",114688
"401494333",176
"401882646",241664
"401872950",12240
"401882644",258048
"402020662",176
"402404895",157696
"402395197",31656
"402397238",6120
"402395199",6120
"402406932",83968
"402404885",174080
"402406934",30720
"402542909",88
"402544950",88
"402542911",88
"403015680",524288
"403542017",409088
"403539968",115200
"404064256",524288
"404590593",386048
"404588544",138240
"405112836",524288
"405639173",409088
"405637124",115200
"406161412",524288
"406687749",386048
"406685700",138240
"407209984",524288
"407736321",409088
"407734272",115200
"408258560",524288
"408784897",386048
"408782848",138240
"409800765",524288
"410849343",217088
"410849341",224256
"411404416",524288
"411930753",409088
"411928704",115200
"412452992",524288
"412979329",386048
"412977280",138240
"413501572",524288
"414027909",409088
"414025860",115200
"414550148",524288
"415076485",386048
"415074436",138240
"416092217",524288
"417140795",217088
"417140793",224256
"418189373",524288
"419237951",217088
"419237949",224256
"419792896",524288
"420319233",409088
"420317184",115200
"420841472",524288
"421367809",386048
"421365760",138240
"421890052",524288
"422416389",409088
"422414340",115200
"422938628",524288
"423464965",386048
"423462916",138240
"423987200",524288
"424513537",409088
"424511488",115200
"425035776",524288
"425562113",386048
"425560064",138240
"426577981",524288
"427626559",217088
"427626557",224256
"428181696",524288
"428707969",409088
"428705984",115200
"429230272",524288
"429756545",386048
"429754560",138240
"430278852",524288
"430805125",409088
"430803140",115200
"431327428",524288
"431853701",386048
"431851716",138240
"432869433",524288
"433918011",217088
"433918009",224256
"434966589",524288
"436015167",217088
"436015165",224256
"436652032",524288
"437178369",524288
"437700608",524288
"438226945",524288
"438749188",524288
"439275525",524288
"439797764",524288
"440324101",524288
"440846336",524288
"441372673",524288
"441894912",524288
"442421249",524288
"442911028",524288
"443437373",524288
"443963702",524288
"444485951",256000
"444485949",225280
"444487990",43008
"445040768",524288
"445567105",524288
"446089344",524288
"446615681",524288
"447137924",524288
"447664261",524288
"448186500",524288
"448712837",524288
"449202480",524288
"449728825",524288
"450255154",524288
"450777403",256000
"450777401",225280
"450779442",43008
"451299636",524288
"451825981",524288
"452352310",524288
"452874559",256000
"452874557",225280
"452876598",43008
"453429248",524288
"453955585",524288
"454477824",524288
"455004161",524288
"455526404",524288
"456052741",524288
"456574980",524288
"457101317",524288
"457623552",524288
"458149889",524288
"458672128",524288
"459198465",524288
"459688244",524288
"460214589",524288
"460740918",524288
"461263167",256000
"461263165",225280
"461265206",43008
"461818048",524288
"462344321",524288
"462866624",524288
"463392897",524288
"463915204",524288
"464441477",524288
"464963780",524288
"465490053",524288
"465979696",524288
"466506041",524288
"467032370",524288
"467554619",256000
"467554617",225280
"467556658",43008
"468076852",524288
"468603197",524288
"469129526",524288
"469651775",256000
"469651773",225280
"469653814",43008
"470138368",524288
"470660609",295936
"470650881",65536
"470662656",162816
"471186944",524288
"471709185",289792
"471699457",65536
"471711232",168960
"472235524",524288
"472757765",295936
"472748037",65536
"472759812",162816
"473284100",524288
"473806341",289792
"473796613",65536
"473808388",168960
"474332672",524288
"474854913",295936
"474845185",65536
"474856960",162816
"475381248",524288
"475903489",289792
"475893761",65536
"475905536",168960
"476397076",524288
"476919317",306176
"476909629",65536
"476921364",152576
"477445654",241664
"477445652",258048
"477967903",126976
"477958205",53248
"477958207",12288
"477969940",87040
"477967893",171008
"477969942",61440
"478527104",524288
"479049345",295936
"479039617",65536
"479051392",162816
"479575680",524288
"480097921",289792
"480088193",65536
"480099968",168960
"480624260",524288
"481146501",295936
"481136773",65536
"481148548",162816
"481672836",524288
"482195077",289792
"482185349",65536
"482197124",168960
"482688528",524288
"483210769",306176
"483201081",65536
"483212816",152576
"483737106",241664
"483737104",258048
"484259355",126976
"484249657",53248
"484249659",12288
"484261392",87040
"484259345",171008
"484261394",61440
"484785684",524288
"485307925",306176
"485298237",65536
"485309972",152576
"485834262",241664
"485834260",258048
"486356511",126976
"486346813",53248
"486346815",12288
"486358548",87040
"486356501",171008
"486358550",61440
"486915584",524288
"487437825",295936
"487428097",65536
"487439872",162816
"487964160",524288
"488486401",289792
"488476673",65536
"488488448",168960
"489012740",524288
"489534981",295936
"489525253",65536
"489537028",162816
"490061316",524288
"490583557",289792
"490573829",65536
"490585604",168960
"491109888",524288
"491632129",295936
"491622401",65536
"491634176",162816
"492158464",524288
"492680705",289792
"492670977",65536
"492682752",168960
"493174292",524288
"493696533",306176
"493686845",65536
"493698580",152576
"494222870",241664
"494222868",258048
"494745119",126976
"494735421",53248
"494735423",12288
"494747156",87040
"494745109",171008
"494747158",61440
"495304384",524288
"495826561",295936
"495816833",65536
"495828672",162816
"496352960",524288
"496875137",289792
"496865409",65536
"496877248",168960
"497401540",524288
"497923717",295936
"497913989",65536
"497925828",162816
"498450116",524288
"498972293",289792
"498962565",65536
"498974404",168960
"499465744",524288
"499987985",306176
"499978297",65536
"499990032",152576
"500514322",241664
"500514320",258048
"501036571",126976
"501026873",53248
"501026875",12288
"501038608",87040
"501036561",171008
"501038610",61440
"501562900",524288
"502085141",306176
"502075453",65536
"502087188",152576
"502611478",241664
"502611476",258048
"503133727",126976
"503124029",53248
"503124031",12288
"503135764",87040
"503133717",171008
"503135766",61440
"503774720",524288
"504296961",344064
"504287233",65536
"504299008",114688
"504823296",524288
"505345537",344064
"505335809",65536
"505347584",114688
"505871876",524288
"506394117",344064
"506384389",65536
"506396164",114688
"506920452",524288
"507442693",344064
"507432965",65536
"507444740",114688
"507969024",524288
"508491265",344064
"508481537",65536
"508493312",114688
"509017600",524288
"509539841",344064
"509530113",65536
"509541888",114688
"510033428",524288
"510555669",344064
"510546237",65536
"510557716",114688
"511082006",241664
"511072566",24576
"511082004",258048
"511604255",157696
"511594813",53248
"511596854",12288
"511594815",12288
"511606292",83968
"511604245",174080
"511606294",30720
"512163456",524288
"512685697",344064
"512675969",65536
"512687744",114688
"513212032",524288
"513734273",344064
"513724545",65536
"513736320",114688
"514260612",524288
"514782853",344064
"514773125",65536
"514784900",114688
"515309188",524288
"515831429",344064
"515821701",65536
"515833476",114688
"516324880",524288
"516847121",344064
"516837689",65536
"516849168",114688
"517373458",241664
"517364018",24576
"517373456",258048
"517895707",157696
"517886265",53248
"517888306",12288
"517886267",12288
"517897744",83968
"517895697",174080
"517897746",30720
"518422036",524288
"518944277",344064
"518934845",65536
"518946324",114688
"519470614",241664
"519461174",24576
"519470612",258048
"519992863",157696
"519983421",53248
"519985462",12288
"519983423",12288
"519994900",83968
"519992853",174080
"519994902",30720
"520551936",524288
"521074177",344064
"521064449",65536
"521076224",114688
"521600512",524288
"522122753",344064
"522113025",65536
"522124800",114688
"522649092",524288
"523171333",344064
"523161605",65536
"523173380",114688
"523697668",524288
"524219909",344064
"524210181",65536
"524221956",114688
"524746240",524288
"525268481",344064
"525258753",65536
"525270528",114688
"525794816",524288
"526317057",344064
"526307329",65536
"526319104",114688
"526810644",524288
"527332885",344064
"527323453",65536
"527334932",114688
"527859222",241664
"527849782",24576
"527859220",258048
"528381471",157696
"528372029",53248
"528374070",12288
"528372031",12288
"528383508",83968
"528381461",174080
"528383510",30720
"528940736",524288
"529462913",344064
"529453185",65536
"529465024",114688
"529989312",524288
"530511489",344064
"530501761",65536
"530513600",114688
"531037892",524288
"531560069",344064
"531550341",65536
"531562180",114688
"532086468",524288
"532608645",344064
"532598917",65536
"532610756",114688
"533102096",524288
"533624337",344064
"533614905",65536
"533626384",114688
"534150674",241664
"534141234",24576
"534150672",258048
"534672923",157696
"534663481",53248
"534665522",12288
"534663483",12288
"534674960",83968
"534672913",174080
"534674962",30720
"535199252",524288
"535721493",344064
"535712061",65536
"535723540",114688
"536247830",241664
"536238390",24576
"536247828",258048
"536770079",157696
"536760637",53248
"536762678",12288
"536760639",12288
"536772116",83968
"536770069",174080
"536772118",30720
"134234112/134414336",27648
"135286786/135467010",27648
"135811074/135991298",1024
"136331300/136511780",27648
"137383974/137564454",27648
"137908262/138088742",1024
"138428416/138608640",27648
"139481090/139661314",27648
"140005378/140185602",1024
"140789812/140970292",102400
"141842486/142022966",102400
"142366774/142547254",7680
"142622880/142803360",27648
"143675554/143856034",27648
"144199842/144380322",1024
"144720036/144900516",27648
"145772710/145953190",27648
"146296998/146477478",1024
"147081264/147261744",102400
"148133938/148314418",102400
"148658226/148838706",7680
"149178420/149358900",102400
"150231094/150411574",102400
"150755382/150935862",7680
"151011328/151191552",27648
"152064002/152244226",27648
"152588290/152768514",1024
"153108516/153288996",27648
"154161190/154341670",27648
"154685478/154865958",1024
"155205632/155385856",27648
"156258306/156438530",27648
"156782594/156962818",1024
"157567028/157747508",102400
"158619702/158800182",102400
"159143990/159324470",7680
"159400160/159580640",27648
"160452834/160633314",27648
"160977122/161157602",1024
"161497316/161677796",27648
"162549990/162730470",27648
"163074278/163254758",1024
"163858480/164038960",102400
"164911154/165091634",102400
"165435442/165615922",7680
"165955636/166136116",102400
"167008310/167188790",102400
"167532598/167713078",7680
"202395650/202575874",2048
"202919938/203100162",512
"204492838/204673318",2048
"205017126/205197606",512
"206589954/206770178",2048
"207114242/207294466",512
"208951350/209131830",6144
"209475638/209656118",3072
"210784418/210964898",2048
"211308706/211489186",512
"212881574/213062054",2048
"213405862/213586342",512
"215242802/215423282",6144
"215767090/215947570",3072
"217339958/217520438",6144
"217864246/218044726",3072
"219172866/219353090",2048
"219697154/219877378",512
"221270054/221450534",2048
"221794342/221974822",512
"223367170/223547394",2048
"223891458/224071682",512
"225728566/225909046",6144
"226252854/226433334",3072
"227561698/227742178",2048
"228085986/228266466",512
"229658854/229839334",2048
"230183142/230363622",512
"232020018/232200498",6144
"232544306/232724786",3072
"234117174/234297654",6144
"234641462/234821942",3072
"409225268/409405748",102400
"410277942/410458422",102400
"410802230/410982710",7680
"415516720/415697200",102400
"416569394/416749874",102400
"417093682/417274162",7680
"417613876/417794356",102400
"418666550/418847030",102400
"419190838/419371318",7680
"426002484/426182964",102400
"427055158/427235638",102400
"427579446/427759926",7680
"432293936/432474416",102400
"433346610/433527090",102400
"433870898/434051378",7680
"434391092/434571572",102400
"435443766/435624246",102400
"435968054/436148534",7680
"477386806/477567286",6144
"477911094/478091574",3072
"483678258/483858738",6144
"484202546/484383026",3072
"485775414/485955894",6144
"486299702/486480182",3072
"494164022/494344502",6144
"494688310/494868790",3072
"500455474/500635954",6144
"500979762/501160242",3072
"502552630/502733110",6144
"503076918/503257398",3072
"32768/67584/262144",241664
"100352/329728/294912",151552
"1081346/1120256/1310720",241664
"1153024/1378304/1343490",151552
"2129956/2164740/2359332",241664
"2197508/2426884/2392100",151552
"3178534/3217412/3407908",241664
"3250180/3475460/3440678",151552
"4227072/4261888/4456448",241664
"4294656/4524032/4489216",151552
"5275650/5314560/5505024",241664
"5347328/5572608/5537794",151552
"8421536/8456320/8650912",241664
"8489088/8718464/8683680",151552
"9470114/9508992/9699488",241664
"9541760/9767040/9732258",151552
"10518692/10553476/10748068",241664
"10586244/10815620/10780836",151552
"11567270/11606148/11796644",241664
"11638916/11864196/11829414",151552
"16809984/16844800/17039360",241664
"16877568/17106944/17072128",151552
"17858562/17897472/18087936",241664
"17930240/18155520/18120706",151552
"18907172/18941956/19136548",241664
"18974724/19204100/19169316",151552
"19955750/19994628/20185124",241664
"20027396/20252676/20217894",151552
"21004288/21039104/21233664",241664
"21071872/21301248/21266432",151552
"22052866/22091776/22282240",241664
"22124544/22349824/22315010",151552
"25198816/25233600/25428192",241664
"25266368/25495744/25460960",151552
"26247394/26286272/26476768",241664
"26319040/26544320/26509538",151552
"27295972/27330756/27525348",241664
"27363524/27592900/27558116",151552
"28344550/28383428/28573924",241664
"28416196/28641476/28606694",151552
"33556480/33816576/33587200",241664
"33589248/33818624/33849344",151552
"34609152/34865152/34635778",241664
"34641920/34867200/34897922",151552
"35653636/35913764/35684388",178304
"35651876/35782692/35668004",37280
"35684644/35784708/35930148",24448
"35686404/35915780/35946532",133120
"35653892/36044836/35700772",34688
"35686660/36046852/35962916",18432
"35668260/35782948/35799076",5600
"35701028/35784964/36061220",4224
"36180269/36311085/36196397",114848
"36196653/36311341/36327469",9824
"36706308/36962340/36732966",178304
"36704550/36835366/36720678",37280
"36733222/36837380/36978724",24448
"36739076/36964356/36995110",133120
"36706564/37093412/36749350",34688
"36739332/37095428/37011494",18432
"36720934/36835622/36851750",5600
"36749606/36837636/37109796",4224
"37228847/37359663/37244975",15784
"37228845/37359661/37244973",97252
"37228838/37359654/37244966",1812
"37245231/37359919/37376047",2976
"37245229/37359917/37376045",6540
"37245222/37359910/37376038",308
"37750784/38010880/37781504",241664
"37783552/38012928/38043648",151552
"38803456/39059456/38830082",241664
"38836224/39061504/39092226",151552
"40110388/40241204/40126516",166464
"40126772/40241460/40257588",20160
"40374589/40505405/40390717",166464
"40390973/40505661/40521789",20160
"41163062/41293878/41179190",166464
"41179446/41294134/41310262",20160
"41423167/41553983/41439295",83632
"41423165/41553981/41439293",68520
"41687350/41818166/41703478",14312
"41439551/41554239/41570367",11664
"41439549/41554237/41570365",6408
"41703734/41818422/41834550",2088
"41945216/42205344/41975968",192128
"41943456/42074272/41959584",33824
"41977984/42207360/42238112",141312
"41945472/42336416/41992352",29056
"41959840/42074528/42090656",3424
"41976224/42076288/42221728",18816
"41978240/42338432/42254496",10240
"41992608/42076544/42352800",1664
"42471849/42602665/42487977",91936
"42488233/42602921/42619049",5088
"42997888/43253920/43024546",192128
"42996130/43126946/43012258",33824
"43030656/43255936/43286690",141312
"42998144/43384992/43040930",29056
"43012514/43127202/43143330",3424
"43024802/43128960/43270304",18816
"43030912/43387008/43303074",10240
"43041186/43129216/43401376",1664
"43520427/43651243/43536555",14728
"43520425/43651241/43536553",75396
"43520418/43651234/43536546",1812
"43536811/43651499/43667627",2112
"43536809/43651497/43667625",2668
"43536802/43651490/43667618",308
"44042372/44302500/44073124",178304
"44040612/44171428/44056740",37280
"44073380/44173444/44318884",24448
"44075140/44304516/44335268",133120
"44042628/44433572/44089508",34688
"44075396/44435588/44351652",18432
"44056996/44171684/44187812",5600
"44089764/44173700/44449956",4224
"44569005/44699821/44585133",114848
"44585389/44700077/44716205",9824
"45095044/45351076/45121702",178304
"45093286/45224102/45109414",37280
"45121958/45226116/45367460",24448
"45127812/45353092/45383846",133120
"45095300/45482148/45138086",34688
"45128068/45484164/45400230",18432
"45109670/45224358/45240486",5600
"45138342/45226372/45498532",4224
"45617583/45748399/45633711",15784
"45617581/45748397/45633709",97252
"45617574/45748390/45633702",1812
"45633967/45748655/45764783",2976
"45633965/45748653/45764781",6540
"45633958/45748646/45764774",308
"46401840/46532656/46417968",166464
"46418224/46532912/46549040",20160
"46666041/46796857/46682169",166464
"46682425/46797113/46813241",20160
"47454514/47585330/47470642",166464
"47470898/47585586/47601714",20160
"47714619/47845435/47730747",83632
"47714617/47845433/47730745",68520
"47978802/48109618/47994930",14312
"47731003/47845691/47861819",11664
"47731001/47845689/47861817",6408
"47995186/48109874/48126002",2088
"48498996/48629812/48515124",166464
"48515380/48630068/48646196",20160
"48763197/48894013/48779325",166464
"48779581/48894269/48910397",20160
"49551670/49682486/49567798",166464
"49568054/49682742/49698870",20160
"49811775/49942591/49827903",83632
"49811773/49942589/49827901",68520
"50075958/50206774/50092086",14312
"49828159/49942847/49958975",11664
"49828157/49942845/49958973",6408
"50092342/50207030/50223158",2088
"50333696/50593792/50364416",241664
"50366464/50595840/50626560",151552
"51386368/51642368/51412994",241664
"51419136/51644416/51675138",151552
"52430852/52690980/52461604",178304
"52429092/52559908/52445220",37280
"52461860/52561924/52707364",24448
"52463620/52692996/52723748",133120
"52431108/52822052/52477988",34688
"52463876/52824068/52740132",18432
"52445476/52560164/52576292",5600
"52478244/52562180/52838436",4224
"52957485/53088301/52973613",114848
"52973869/53088557/53104685",9824
"53483524/53739556/53510182",178304
"53481766/53612582/53497894",37280
"53510438/53614596/53755940",24448
"53516292/53741572/53772326",133120
"53483780/53870628/53526566",34688
"53516548/53872644/53788710",18432
"53498150/53612838/53628966",5600
"53526822/53614852/53887012",4224
"54006063/54136879/54022191",15784
"54006061/54136877/54022189",97252
"54006054/54136870/54022182",1812
"54022447/54137135/54153263",2976
"54022445/54137133/54153261",6540
"54022438/54137126/54153254",308
"54528000/54788096/54558720",241664
"54560768/54790144/54820864",151552
"55580672/55836672/55607298",241664
"55613440/55838720/55869442",151552
"56887604/57018420/56903732",166464
"56903988/57018676/57034804",20160
"57151805/57282621/57167933",166464
"57168189/57282877/57299005",20160
"57940278/58071094/57956406",166464
"57956662/58071350/58087478",20160
"58200383/58331199/58216511",83632
"58200381/58331197/58216509",68520
"58464566/58595382/58480694",14312
"58216767/58331455/58347583",11664
"58216765/58331453/58347581",6408
"58480950/58595638/58611766",2088
"58722496/58982624/58753248",192128
"58720736/58851552/58736864",33824
"58755264/58984640/59015392",141312
"58722752/59113696/58769632",29056
"58737120/58851808/58867936",3424
"58753504/58853568/58999008",18816
"58755520/59115712/59031776",10240
"58769888/58853824/59130080",1664
"59249065/59379881/59265193",91936
"59265449/59380137/59396265",5088
"59775168/60031200/59801826",192128
"59773410/59904226/59789538",33824
"59807936/60033216/60063970",141312
"59775424/60162272/59818210",29056
"59789794/59904482/59920610",3424
"59802082/59906240/60047584",18816
"59808192/60164288/60080354",10240
"59818466/59906496/60178656",1664
"60297643/60428459/60313771",14728
"60297641/60428457/60313769",75396
"60297698/60428514/60313826",1812
"60314027/60428715/60444843",2112
"60314025/60428713/60444841",2668
"60314082/60428770/60444898",308
"60819652/61079780/60850404",178304
"60817892/60948708/60834020",37280
"60850660/60950724/61096164",24448
"60852420/61081796/61112548",133120
"60819908/61210852/60866788",34688
"60852676/61212868/61128932",18432
"60834276/60948964/60965092",5600
"60867044/60950980/61227236",4224
"61346221/61477037/61362349",114848
"61362605/61477293/61493421",9824
"61872324/62128356/61898982",178304
"61870566/62001382/61886694",37280
"61899238/62003396/62144740",24448
"61905092/62130372/62161126",133120
"61872580/62259428/61915366",34688
"61905348/62261444/62177510",18432
"61886950/62001638/62017766",5600
"61915622/62003652/62275812",4224
"62394799/62525615/62410927",15784
"62394797/62525613/62410925",97252
"62394854/62525670/62410982",1812
"62411183/62525871/62541999",2976
"62411181/62525869/62541997",6540
"62411238/62525926/62542054",308
"63179056/63309872/63195184",166464
"63195440/63310128/63326256",20160
"63443257/63574073/63459385",166464
"63459641/63574329/63590457",20160
"64231730/64362546/64247858",166464
"64248114/64362802/64378930",20160
"64491835/64622651/64507963",83632
"64491833/64622649/64507961",68520
"64756018/64886834/64772146",14312
"64508219/64622907/64639035",11664
"64508217/64622905/64639033",6408
"64772402/64887090/64903218",2088
"65276212/65407028/65292340",166464
"65292596/65407284/65423412",20160
"65540413/65671229/65556541",166464
"65556797/65671485/65687613",20160
"66328886/66459702/66345014",166464
"66345270/66459958/66476086",20160
"66588991/66719807/66605119",83632
"66588989/66719805/66605117",68520
"66853174/66983990/66869302",14312
"66605375/66720063/66736191",11664
"66605373/66720061/66736189",6408
"66869558/66984246/67000374",2088
"103289133/103419949/103305261",18952
"103305517/103420205/103436333",2424
"103813414/103944230/103829542",3240
"103829798/103944486/103960614",792
"104337709/104468525/104353837",16516
"104337702/104468518/104353830",804
"104337711/104468527/104353839",2436
"104354093/104468781/104484909",1820
"104354086/104468774/104484902",188
"104354095/104468783/104484911",604
"107483453/107614269/107499581",23440
"107499837/107614525/107630653",4144
"108271926/108402742/108288054",9744
"108288310/108402998/108419126",2416
"108532029/108662845/108548157",18568
"108796214/108927030/108812342",4872
"108532031/108662847/108548159",4872
"108548413/108663101/108679229",2936
"108812598/108927286/108943414",1208
"108548415/108663103/108679231",1208
"109580713/109711529/109596841",13640
"109597097/109711785/109727913",1080
"110104994/110235810/110121122",2888
"110121378/110236066/110252194",504
"110629289/110760105/110645417",11556
"110629282/110760098/110645410",804
"110629291/110760107/110645419",2084
"110645673/110760361/110776489",764
"110645666/110760354/110776482",188
"110645675/110760363/110776491",316
"111677869/111808685/111693997",18952
"111694253/111808941/111825069",2424
"112202150/112332966/112218278",3240
"112218534/112333222/112349350",792
"112726445/112857261/112742573",16516
"112726438/112857254/112742566",804
"112726447/112857263/112742575",2436
"112742829/112857517/112873645",1820
"112742822/112857510/112873638",188
"112742831/112857519/112873647",604
"113774905/113905721/113791033",23440
"113791289/113905977/113922105",4144
"114563378/114694194/114579506",9744
"114579762/114694450/114710578",2416
"114823481/114954297/114839609",18568
"115087666/115218482/115103794",4872
"114823483/114954299/114839611",4872
"114839865/114954553/114970681",2936
"115104050/115218738/115234866",1208
"114839867/114954555/114970683",1208
"115872061/116002877/115888189",23440
"115888445/116003133/116019261",4144
"116660534/116791350/116676662",9744
"116676918/116791606/116807734",2416
"116920637/117051453/116936765",18568
"117184822/117315638/117200950",4872
"116920639/117051455/116936767",4872
"116937021/117051709/117067837",2936
"117201206/117315894/117332022",1208
"116937023/117051711/117067839",1208
"120066349/120197165/120082477",18952
"120082733/120197421/120213549",2424
"120590630/120721446/120606758",3240
"120607014/120721702/120737830",792
"121114925/121245741/121131053",16516
"121114918/121245734/121131046",804
"121114927/121245743/121131055",2436
"121131309/121245997/121262125",1820
"121131302/121245990/121262118",188
"121131311/121245999/121262127",604
"124260669/124391485/124276797",23440
"124277053/124391741/124407869",4144
"125049142/125179958/125065270",9744
"125065526/125180214/125196342",2416
"125309245/125440061/125325373",18568
"125573430/125704246/125589558",4872
"125309247/125440063/125325375",4872
"125325629/125440317/125456445",2936
"125589814/125704502/125720630",1208
"125325631/125440319/125456447",1208
"126357929/126488745/126374057",13640
"126374313/126489001/126505129",1080
"126882274/127013090/126898402",2888
"126898658/127013346/127029474",504
"127406505/127537321/127422633",11556
"127406562/127537378/127422690",804
"127406507/127537323/127422635",2084
"127422889/127537577/127553705",764
"127422946/127537634/127553762",188
"127422891/127537579/127553707",316
"128455085/128585901/128471213",18952
"128471469/128586157/128602285",2424
"128979430/129110246/128995558",3240
"128995814/129110502/129126630",792
"129503661/129634477/129519789",16516
"129503718/129634534/129519846",804
"129503663/129634479/129519791",2436
"129520045/129634733/129650861",1820
"129520102/129634790/129650918",188
"129520047/129634735/129650863",604
"130552121/130682937/130568249",23440
"130568505/130683193/130699321",4144
"131340594/131471410/131356722",9744
"131356978/131471666/131487794",2416
"131600697/131731513/131616825",18568
"131864882/131995698/131881010",4872
"131600699/131731515/131616827",4872
"131617081/131731769/131747897",2936
"131881266/131995954/132012082",1208
"131617083/131731771/131747899",1208
"132649277/132780093/132665405",23440
"132665661/132780349/132796477",4144
"133437750/133568566/133453878",9744
"133454134/133568822/133584950",2416
"133697853/133828669/133713981",18568
"133962038/134092854/133978166",4872
"133697855/133828671/133713983",4872
"133714237/133828925/133845053",2936
"133978422/134093110/134109238",1208
"133714239/133828927/133845055",1208
"167921664/168181760/167952384",241664
"167954432/168183808/168214528",151552
"168974336/169230336/169000962",241664
"169007104/169232384/169263106",151552
"170019076/170278948/170049828",241664
"170051844/170280964/170311716",151552
"171071748/171327524/171098406",241664
"171104516/171329540/171360294",151552
"172115968/172376064/172146688",241664
"172148736/172378112/172408832",151552
"173168640/173424640/173195266",241664
"173201408/173426688/173457410",151552
"176310656/176570528/176341408",241664
"176343424/176572544/176603296",151552
"177363328/177619104/177389986",241664
"177396096/177621120/177651874",151552
"178407812/178667684/178438564",241664
"178440580/178669700/178700452",151552
"179460484/179716260/179487142",241664
"179493252/179718276/179749030",151552
"184698880/184958976/184729600",241664
"184731648/184961024/184991744",151552
"185751552/186007552/185778178",241664
"185784320/186009600/186040322",151552
"186796292/187056164/186827044",241664
"186829060/187058180/187088932",151552
"187848964/188104740/187875622",241664
"187881732/188106756/188137510",151552
"188893184/189153280/188923904",241664
"188925952/189155328/189186048",151552
"189945856/190201856/189972482",241664
"189978624/190203904/190234626",151552
"193087936/193347808/193118688",241664
"193120704/193349824/193380576",151552
"194140608/194396384/194167266",241664
"194173376/194398400/194429154",151552
"195185092/195444964/195215844",241664
"195217860/195446980/195477732",151552
"196237764/196493540/196264422",241664
"196270532/196495556/196526310",151552
"308545844/308676660/308561972",166464
"308562228/308676916/308693044",20160
"309072189/309203005/309088317",166464
"309088573/309203261/309219389",20160
"309598518/309729334/309614646",166464
"309614902/309729590/309745718",20160
"310120767/310251583/310136895",83632
"310120765/310251581/310136893",68520
"310122806/310253622/310138934",14312
"310137151/310251839/310267967",11664
"310137149/310251837/310267965",6408
"310139190/310253878/310270006",2088
"314837296/314968112/314853424",166464
"314853680/314968368/314984496",20160
"315363641/315494457/315379769",166464
"315380025/315494713/315510841",20160
"315889970/316020786/315906098",166464
"315906354/316021042/316037170",20160
"316412219/316543035/316428347",83632
"316412217/316543033/316428345",68520
"316414258/316545074/316430386",14312
"316428603/316543291/316559419",11664
"316428601/316543289/316559417",6408
"316430642/316545330/316561458",2088
"316934452/317065268/316950580",166464
"316950836/317065524/317081652",20160
"317460797/317591613/317476925",166464
"317477181/317591869/317607997",20160
"317987126/318117942/318003254",166464
"318003510/318118198/318134326",20160
"318509375/318640191/318525503",83632
"318509373/318640189/318525501",68520
"318511414/318642230/318527542",14312
"318525759/318640447/318656575",11664
"318525757/318640445/318656573",6408
"318527798/318642486/318658614",2088
"325323060/325453876/325339188",166464
"325339444/325454132/325470260",20160
"325849405/325980221/325865533",166464
"325865789/325980477/325996605",20160
"326375734/326506550/326391862",166464
"326392118/326506806/326522934",20160
"326897983/327028799/326914111",83632
"326897981/327028797/326914109",68520
"326900022/327030838/326916150",14312
"326914367/327029055/327045183",11664
"326914365/327029053/327045181",6408
"326916406/327031094/327047222",2088
"331614512/331745328/331630640",166464
"331630896/331745584/331761712",20160
"332140857/332271673/332156985",166464
"332157241/332271929/332288057",20160
"332667186/332798002/332683314",166464
"332683570/332798258/332814386",20160
"333189435/333320251/333205563",83632
"333189433/333320249/333205561",68520
"333191474/333322290/333207602",14312
"333205819/333320507/333336635",11664
"333205817/333320505/333336633",6408
"333207858/333322546/333338674",2088
"333711668/333842484/333727796",166464
"333728052/333842740/333858868",20160
"334238013/334368829/334254141",166464
"334254397/334369085/334385213",20160
"334764342/334895158/334780470",166464
"334780726/334895414/334911542",20160
"335286591/335417407/335302719",83632
"335286589/335417405/335302717",68520
"335288630/335419446/335304758",14312
"335302975/335417663/335433791",11664
"335302973/335417661/335433789",6408
"335305014/335419702/335435830",2088
"376181053/376311869/376197181",23440
"376197437/376312125/376328253",4144
"376707382/376838198/376723510",9744
"376723766/376838454/376854582",2416
"377229629/377360445/377245757",18568
"377231670/377362486/377247798",4872
"377229631/377360447/377245759",4872
"377246013/377360701/377376829",2936
"377248054/377362742/377378870",1208
"377246015/377360703/377376831",1208
"382472505/382603321/382488633",23440
"382488889/382603577/382619705",4144
"382998834/383129650/383014962",9744
"383015218/383129906/383146034",2416
"383521081/383651897/383537209",18568
"383523122/383653938/383539250",4872
"383521083/383651899/383537211",4872
"383537465/383652153/383668281",2936
"383539506/383654194/383670322",1208
"383537467/383652155/383668283",1208
"384569661/384700477/384585789",23440
"384586045/384700733/384716861",4144
"385095990/385226806/385112118",9744
"385112374/385227062/385243190",2416
"385618237/385749053/385634365",18568
"385620278/385751094/385636406",4872
"385618239/385749055/385634367",4872
"385634621/385749309/385765437",2936
"385636662/385751350/385767478",1208
"385634623/385749311/385765439",1208
"392958269/393089085/392974397",23440
"392974653/393089341/393105469",4144
"393484598/393615414/393500726",9744
"393500982/393615670/393631798",2416
"394006845/394137661/394022973",18568
"394008886/394139702/394025014",4872
"394006847/394137663/394022975",4872
"394023229/394137917/394154045",2936
"394025270/394139958/394156086",1208
"394023231/394137919/394154047",1208
"399249721/399380537/399265849",23440
"399266105/399380793/399396921",4144
"399776050/399906866/399792178",9744
"399792434/399907122/399923250",2416
"400298297/400429113/400314425",18568
"400300338/400431154/400316466",4872
"400298299/400429115/400314427",4872
"400314681/400429369/400445497",2936
"400316722/400431410/400447538",1208
"400314683/400429371/400445499",1208
"401346877/401477693/401363005",23440
"401363261/401477949/401494077",4144
"401873206/402004022/401889334",9744
"401889590/402004278/402020406",2416
"402395453/402526269/402411581",18568
"402397494/402528310/402413622",4872
"402395455/402526271/402411583",4872
"402411837/402526525/402542653",2936
"402413878/402528566/402544694",1208
"402411839/402526527/402542655",1208
"134217728/134348800/134365184/134430720/134299648/134283264",82944
"134250496/134416384/134496256/134447104/134301696/134545408",120832
"134285312/134479872/134381568/134432768/134561792/134316032",120832
"134318080/134547456/134512640/134449152/134563840/134578176",151552
"135270402/135401474/135417858/135483394/135352322/135335938",82944
"135299074/135469056/135544832/135495682/135354368/135593984",120832
"135337984/135528448/135430146/135485440/135610368/135364610",120832
"135370752/135596032/135561218/135501824/135612416/135626754",151552
"135794690/135925762/135942146/136007682/135876610/135860226",5376
"136314916/136445988/136462372/136528164/136397092/136380708",82944
"136347684/136513540/136593444/136544548/136398852/136642596",120832
"136382468/136577060/136478756/136529924/136658980/136413476",120832
"136415236/136644612/136609828/136546308/136660996/136675364",151552
"137367590/137498662/137515046/137580838/137449766/137433382",82944
"137396262/137566212/137642020/137593126/137451524/137691172",120832
"137435140/137625636/137527334/137582596/137707556/137462054",120832
"137467908/137693188/137658406/137598980/137709572/137723942",151552
"137891878/138022950/138039334/138105126/137974054/137957670",5376
"138412032/138543104/138559488/138625024/138493952/138477568",82944
"138444800/138610688/138690560/138641408/138496000/138739712",120832
"138479616/138674176/138575872/138627072/138756096/138510336",120832
"138512384/138741760/138706944/138643456/138758144/138772480",151552
"139464706/139595778/139612162/139677698/139546626/139530242",82944
"139493378/139663360/139739136/139689986/139548672/139788288",120832
"139532288/139722752/139624450/139679744/139804672/139558914",120832
"139565056/139790336/139755522/139696128/139806720/139821058",151552
"139988994/140120066/140136450/140201986/140070914/140054530",5376
"140773428/140904500/140920884/140986676/140855604/140839220",421888
"141826102/141957174/141973558/142039350/141908278/141891894",421888
"142350390/142481462/142497846/142563638/142432566/142416182",75264
"142606496/142737568/142753952/142819744/142688672/142672288",82944
"142639264/142805120/142885024/142836128/142690432/142934176",120832
"142674048/142868640/142770336/142821504/142950560/142705056",120832
"142706816/142936192/142901408/142837888/142952576/142966944",151552
"143659170/143790242/143806626/143872418/143741346/143724962",82944
"143687842/143857792/143933600/143884706/143743104/143982752",120832
"143726720/143917216/143818914/143874176/143999136/143753634",120832
"143759488/143984768/143949986/143890560/144001152/144015522",151552
"144183458/144314530/144330914/144396706/144265634/144249250",5376
"144703652/144834724/144851108/144916900/144785828/144769444",82944
"144736420/144902276/144982180/144933284/144787588/145031332",120832
"144771204/144965796/144867492/144918660/145047716/144802212",120832
"144803972/145033348/144998564/144935044/145049732/145064100",151552
"145756326/145887398/145903782/145969574/145838502/145822118",82944
"145784998/145954948/146030756/145981862/145840260/146079908",120832
"145823876/146014372/145916070/145971332/146096292/145850790",120832
"145856644/146081924/146047142/145987716/146098308/146112678",151552
"146280614/146411686/146428070/146493862/146362790/146346406",5376
"147064880/147195952/147212336/147278128/147147056/147130672",421888
"148117554/148248626/148265010/148330802/148199730/148183346",421888
"148641842/148772914/148789298/148855090/148724018/148707634",75264
"149162036/149293108/149309492/149375284/149244212/149227828",421888
"150214710/150345782/150362166/150427958/150296886/150280502",421888
"150738998/150870070/150886454/150952246/150821174/150804790",75264
"150994944/151126016/151142400/151207936/151076864/151060480",82944
"151027712/151193600/151273472/151224320/151078912/151322624",120832
"151062528/151257088/151158784/151209984/151339008/151093248",120832
"151095296/151324672/151289856/151226368/151341056/151355392",151552
"152047618/152178690/152195074/152260610/152129538/152113154",82944
"152076290/152246272/152322048/152272898/152131584/152371200",120832
"152115200/152305664/152207362/152262656/152387584/152141826",120832
"152147968/152373248/152338434/152279040/152389632/152403970",151552
"152571906/152702978/152719362/152784898/152653826/152637442",5376
"153092132/153223204/153239588/153305380/153174308/153157924",82944
"153124900/153290756/153370660/153321764/153176068/153419812",120832
"153159684/153354276/153255972/153307140/153436196/153190692",120832
"153192452/153421828/153387044/153323524/153438212/153452580",151552
"154144806/154275878/154292262/154358054/154226982/154210598",82944
"154173478/154343428/154419236/154370342/154228740/154468388",120832
"154212356/154402852/154304550/154359812/154484772/154239270",120832
"154245124/154470404/154435622/154376196/154486788/154501158",151552
"154669094/154800166/154816550/154882342/154751270/154734886",5376
"155189248/155320320/155336704/155402240/155271168/155254784",82944
"155222016/155387904/155467776/155418624/155273216/155516928",120832
"155256832/155451392/155353088/155404288/155533312/155287552",120832
"155289600/155518976/155484160/155420672/155535360/155549696",151552
"156241922/156372994/156389378/156454914/156323842/156307458",82944
"156270594/156440576/156516352/156467202/156325888/156565504",120832
"156309504/156499968/156401666/156456960/156581888/156336130",120832
"156342272/156567552/156532738/156473344/156583936/156598274",151552
"156766210/156897282/156913666/156979202/156848130/156831746",5376
"157550644/157681716/157698100/157763892/157632820/157616436",421888
"158603318/158734390/158750774/158816566/158685494/158669110",421888
"159127606/159258678/159275062/159340854/159209782/159193398",75264
"159383776/159514848/159531232/159597024/159465952/159449568",82944
"159416544/159582400/159662304/159613408/159467712/159711456",120832
"159451328/159645920/159547616/159598784/159727840/159482336",120832
"159484096/159713472/159678688/159615168/159729856/159744224",151552
"160436450/160567522/160583906/160649698/160518626/160502242",82944
"160465122/160635072/160710880/160661986/160520384/160760032",120832
"160504000/160694496/160596194/160651456/160776416/160530914",120832
"160536768/160762048/160727266/160667840/160778432/160792802",151552
"160960738/161091810/161108194/161173986/161042914/161026530",5376
"161480932/161612004/161628388/161694180/161563108/161546724",82944
"161513700/161679556/161759460/161710564/161564868/161808612",120832
"161548484/161743076/161644772/161695940/161824996/161579492",120832
"161581252/161810628/161775844/161712324/161827012/161841380",151552
"162533606/162664678/162681062/162746854/162615782/162599398",82944
"162562278/162732228/162808036/162759142/162617540/162857188",120832
"162601156/162791652/162693350/162748612/162873572/162628070",120832
"162633924/162859204/162824422/162764996/162875588/162889958",151552
"163057894/163188966/163205350/163271142/163140070/163123686",5376
"163842096/163973168/163989552/164055344/163924272/163907888",421888
"164894770/165025842/165042226/165108018/164976946/164960562",421888
"165419058/165550130/165566514/165632306/165501234/165484850",75264
"165939252/166070324/166086708/166152500/166021428/166005044",421888
"166991926/167122998/167139382/167205174/167074102/167057718",421888
"167516214/167647286/167663670/167729462/167598390/167582006",75264
"202379266/202510338/202526722/202592258/202461186/202444802",6144
"202903554/203034626/203051010/203116546/202985474/202969090",1536
"204476454/204607526/204623910/204689702/204558630/204542246",6144
"205000742/205131814/205148198/205213990/205082918/205066534",1536
"206573570/206704642/206721026/206786562/206655490/206639106",6144
"207097858/207228930/207245314/207310850/207179778/207163394",1536
"208934966/209066038/209082422/209148214/209017142/209000758",18432
"209459254/209590326/209606710/209672502/209541430/209525046",9216
"210768034/210899106/210915490/210981282/210850210/210833826",6144
"211292322/211423394/211439778/211505570/211374498/211358114",1536
"212865190/212996262/213012646/213078438/212947366/212930982",6144
"213389478/213520550/213536934/213602726/213471654/213455270",1536
"215226418/215357490/215373874/215439666/215308594/215292210",18432
"215750706/215881778/215898162/215963954/215832882/215816498",9216
"217323574/217454646/217471030/217536822/217405750/217389366",18432
"217847862/217978934/217995318/218061110/217930038/217913654",9216
"219156482/219287554/219303938/219369474/219238402/219222018",6144
"219680770/219811842/219828226/219893762/219762690/219746306",1536
"221253670/221384742/221401126/221466918/221335846/221319462",6144
"221777958/221909030/221925414/221991206/221860134/221843750",1536
"223350786/223481858/223498242/223563778/223432706/223416322",6144
"223875074/224006146/224022530/224088066/223956994/223940610",1536
"225712182/225843254/225859638/225925430/225794358/225777974",18432
"226236470/226367542/226383926/226449718/226318646/226302262",9216
"227545314/227676386/227692770/227758562/227627490/227611106",6144
"228069602/228200674/228217058/228282850/228151778/228135394",1536
"229642470/229773542/229789926/229855718/229724646/229708262",6144
"230166758/230297830/230314214/230380006/230248934/230232550",1536
"232003634/232134706/232151090/232216882/232085810/232069426",18432
"232527922/232658994/232675378/232741170/232610098/232593714",9216
"234100790/234231862/234248246/234314038/234182966/234166582",18432
"234625078/234756150/234772534/234838326/234707254/234690870",9216
"409208884/409339956/409356340/409422132/409291060/409274676",421888
"410261558/410392630/410409014/410474806/410343734/410327350",421888
"410785846/410916918/410933302/410999094/410868022/410851638",75264
"415500336/415631408/415647792/415713584/415582512/415566128",421888
"416553010/416684082/416700466/416766258/416635186/416618802",421888
"417077298/417208370/417224754/417290546/417159474/417143090",75264
"417597492/417728564/417744948/417810740/417679668/417663284",421888
"418650166/418781238/418797622/418863414/418732342/418715958",421888
"419174454/419305526/419321910/419387702/419256630/419240246",75264
"425986100/426117172/426133556/426199348/426068276/426051892",421888
"427038774/427169846/427186230/427252022/427120950/427104566",421888
"427563062/427694134/427710518/427776310/427645238/427628854",75264
"432277552/432408624/432425008/432490800/432359728/432343344",421888
"433330226/433461298/433477682/433543474/433412402/433396018",421888
"433854514/433985586/434001970/434067762/433936690/433920306",75264
"434374708/434505780/434522164/434587956/434456884/434440500",421888
"435427382/435558454/435574838/435640630/435509558/435493174",421888
"435951670/436082742/436099126/436164918/436033846/436017462",75264
"477370422/477501494/477517878/477583670/477452598/477436214",18432
"477894710/478025782/478042166/478107958/477976886/477960502",9216
"483661874/483792946/483809330/483875122/483744050/483727666",18432
"484186162/484317234/484333618/484399410/484268338/484251954",9216
"485759030/485890102/485906486/485972278/485841206/485824822",18432
"486283318/486414390/486430774/486496566/486365494/486349110",9216
"494147638/494278710/494295094/494360886/494229814/494213430",18432
"494671926/494802998/494819382/494885174/494754102/494737718",9216
"500439090/500570162/500586546/500652338/500521266/500504882",18432
"500963378/501094450/501110834/501176626/501045554/501029170",9216
"502536246/502667318/502683702/502749494/502618422/502602038",18432
"503060534/503191606/503207990/503273782/503142710/503126326",9216
