"attractor","state","label"
1,17825794,"M0"
2,51380226,"M0"
3,1048578,"M0"
4,34603010,"M0"
5,5242882,"M0"
6,38797314,"M0"
7,22020098,"M0"
8,55574530,"M0"
9,173162498,"M0"
10,189939714,"M0"
11,168968194,"M0"
12,185745410,"M0"
13,247101071,"M1"
14,263878287,"M1"
15,95958671,"M1"
16,129513103,"M1"
17,79181455,"M1"
18,112735887,"M1"
19,77084299,"M1"
20,110638731,"M1"
21,93861515,"M1"
22,127415947,"M1"
23,245003915,"M1"
24,261781131,"M1"
25,236615179,"M1"
26,253392395,"M1"
27,240809483,"M1"
28,257586699,"M1"
29,89667083,"M1"
30,123221515,"M1"
31,72889867,"M1"
32,106444299,"M1"
33,68695563,"M1"
34,102249995,"M1"
35,85472779,"M1"
36,119027211,"M1"
37,87569935,"M1"
38,121124367,"M1"
39,70792719,"M1"
40,104347151,"M1"
41,255489551,"M1"
42,238712335,"M1"
43,268072479,"M1"
44,251295263,"M1"
45,259683871,"M1"
46,242906655,"M1"
47,528381471,"M1"
48,511604255,"M1"
49,536770079,"M1"
50,519992863,"M1"
51,352073247,"M1"
52,385627679,"M1"
53,368850463,"M1"
54,402404895,"M1"
55,360461855,"M1"
56,394016287,"M1"
57,343684639,"M1"
58,377239071,"M1"
59,74987039,"M1"
60,108541471,"M1"
61,91764255,"M1"
62,125318687,"M1"
63,100152863,"M1"
64,133707295,"M1"
65,83375647,"M1"
66,116930079,"M1"
67,81278491,"M1"
68,114832923,"M1"
69,98055707,"M1"
70,131610139,"M1"
71,366753307,"M1"
72,400307739,"M1"
73,349976091,"M1"
74,383530523,"M1"
75,534672923,"M1"
76,517895707,"M1"
77,265975323,"M1"
78,249198107,"M1"
79,190464011,"M1"
80,173686795,"M1"
81,186269707,"M1"
82,169492491,"M1"
83,1572875,"M1"
84,35127307,"M1"
85,18350091,"M1"
86,51904523,"M1"
87,22544395,"M1"
88,56098827,"M1"
89,5767179,"M1"
90,39321611,"M1"
91,251035158,"M2"
92,519470614,"M2"
93,267812374,"M2"
94,536247830,"M2"
95,259423766,"M2"
96,527859222,"M2"
97,242646550,"M2"
98,511082006,"M2"
99,243170838,"M2"
100,511606294,"M2"
101,259948054,"M2"
102,528383510,"M2"
103,268336662,"M2"
104,536772118,"M2"
105,251559446,"M2"
106,519994902,"M2"
107,249462290,"M2"
108,517897746,"M2"
109,266239506,"M2"
110,534674962,"M2"
111,265715218,"M2"
112,534150674,"M2"
113,248938002,"M2"
114,517373458,"M2"
115,114572818,"M2"
116,383008274,"M2"
117,81018386,"M2"
118,349453842,"M2"
119,97795602,"M2"
120,366231058,"M2"
121,131350034,"M2"
122,399785490,"M2"
123,131874322,"M2"
124,400309778,"M2"
125,98319890,"M2"
126,366755346,"M2"
127,81542674,"M2"
128,349978130,"M2"
129,115097106,"M2"
130,383532562,"M2"
131,108805654,"M2"
132,377241110,"M2"
133,75251222,"M2"
134,343686678,"M2"
135,92028438,"M2"
136,360463894,"M2"
137,125582870,"M2"
138,394018326,"M2"
139,133971478,"M2"
140,402406934,"M2"
141,100417046,"M2"
142,368852502,"M2"
143,83639830,"M2"
144,352075286,"M2"
145,117194262,"M2"
146,385629718,"M2"
147,116669974,"M2"
148,385105430,"M2"
149,83115542,"M2"
150,351550998,"M2"
151,99892758,"M2"
152,368328214,"M2"
153,133447190,"M2"
154,401882646,"M2"
155,125058582,"M2"
156,393494038,"M2"
157,91504150,"M2"
158,359939606,"M2"
159,74726934,"M2"
160,343162390,"M2"
161,108281366,"M2"
162,376716822,"M2"
163,237436420,"M2a"
164,505871876,"M2a"
165,254213636,"M2a"
166,522649092,"M2a"
167,255262212,"M2a"
168,523697668,"M2a"
169,238484996,"M2a"
170,506920452,"M2a"
171,239009284,"M2a"
172,507444740,"M2a"
173,255786500,"M2a"
174,524221956,"M2a"
175,254737924,"M2a"
176,523173380,"M2a"
177,237960708,"M2a"
178,506396164,"M2a"
179,351024661,"M0"
180,384579093,"M0"
181,367801877,"M0"
182,401356309,"M0"
183,359413269,"M0"
184,392967701,"M0"
185,342636053,"M0"
186,376190485,"M0"
187,343684629,"M0"
188,377239061,"M0"
189,360461845,"M0"
190,394016277,"M0"
191,368850453,"M0"
192,402404885,"M0"
193,352073237,"M0"
194,385627669,"M0"
195,83375637,"M0"
196,116930069,"M0"
197,100152853,"M0"
198,133707285,"M0"
199,91764245,"M0"
200,125318677,"M0"
201,74987029,"M0"
202,108541461,"M0"
203,73938453,"M0"
204,107492885,"M0"
205,90715669,"M0"
206,124270101,"M0"
207,99104277,"M0"
208,132658709,"M0"
209,82327061,"M0"
210,115881493,"M0"
211,267023893,"M0"
212,250246677,"M0"
213,258635285,"M0"
214,241858069,"M0"
215,259683861,"M0"
216,242906645,"M0"
217,268072469,"M0"
218,251295253,"M0"
219,536770069,"M0"
220,519992853,"M0"
221,528381461,"M0"
222,511604245,"M0"
223,527332885,"M0"
224,510555669,"M0"
225,535721493,"M0"
226,518944277,"M0"
227,533624337,"M0"
228,516847121,"M0"
229,534672913,"M0"
230,517895697,"M0"
231,265975313,"M0"
232,249198097,"M0"
233,264926737,"M0"
234,248149521,"M0"
235,113784337,"M0"
236,80229905,"M0"
237,130561553,"M0"
238,97007121,"M0"
239,131610129,"M0"
240,98055697,"M0"
241,114832913,"M0"
242,81278481,"M0"
243,383530513,"M0"
244,349976081,"M0"
245,400307729,"M0"
246,366753297,"M0"
247,399259153,"M0"
248,365704721,"M0"
249,382481937,"M0"
250,348927505,"M0"
251,403537921,"M0"
252,269320193,"M0"
253,420315137,"M0"
254,286097409,"M0"
255,424509441,"M0"
256,290291713,"M0"
257,407732225,"M0"
258,273514497,"M0"
259,408780801,"M0"
260,274563073,"M0"
261,425558017,"M0"
262,291340289,"M0"
263,421363713,"M0"
264,287145985,"M0"
265,404586497,"M0"
266,270368769,"M0"
267,320634881,"M0"
268,303857665,"M0"
269,324829185,"M0"
270,308051969,"M0"
271,323780609,"M0"
272,307003393,"M0"
273,319586305,"M0"
274,302809089,"M0"
275,524289,"M0"
276,34078721,"M0"
277,17301505,"M0"
278,50855937,"M0"
279,21495809,"M0"
280,55050241,"M0"
281,4718593,"M0"
282,38273025,"M0"
283,189415425,"M0"
284,172638209,"M0"
285,185221121,"M0"
286,168443905,"M0"
287,455000065,"M0"
288,438222849,"M0"
289,459194369,"M0"
290,442417153,"M0"
291,458145793,"M0"
292,441368577,"M0"
293,453951489,"M0"
294,437174273,"M0"
295,521074177,"M0"
296,504296961,"M0"
297,525268481,"M0"
298,508491265,"M0"
299,526317057,"M0"
300,509539841,"M0"
301,522122753,"M0"
302,505345537,"M0"
303,253392385,"M0"
304,236615169,"M0"
305,257586689,"M0"
306,240809473,"M0"
307,256538113,"M0"
308,239760897,"M0"
309,252343809,"M0"
310,235566593,"M0"
311,67646977,"M0"
312,101201409,"M0"
313,84424193,"M0"
314,117978625,"M0"
315,88618497,"M0"
316,122172929,"M0"
317,71841281,"M0"
318,105395713,"M0"
319,72889857,"M0"
320,106444289,"M0"
321,89667073,"M0"
322,123221505,"M0"
323,85472769,"M0"
324,119027201,"M0"
325,68695553,"M0"
326,102249985,"M0"
327,387757569,"M0"
328,370980353,"M0"
329,391951873,"M0"
330,375174657,"M0"
331,390903297,"M0"
332,374126081,"M0"
333,386708993,"M0"
334,369931777,"M0"
335,470660609,"M0"
336,336442881,"M0"
337,487437825,"M0"
338,353220097,"M0"
339,491632129,"M0"
340,357414401,"M0"
341,474854913,"M0"
342,340637185,"M0"
343,475903489,"M0"
344,341685761,"M0"
345,492680705,"M0"
346,358462977,"M0"
347,488486401,"M0"
348,354268673,"M0"
349,471709185,"M0"
350,337491457,"M0"
351,480097921,"M0"
352,345880193,"M0"
353,496875137,"M0"
354,362657409,"M0"
355,495826561,"M0"
356,361608833,"M0"
357,479049345,"M0"
358,344831617,"M0"
359,395097729,"M0"
360,378320513,"M0"
361,396146305,"M0"
362,379369089,"M0"
363,77084289,"M0"
364,110638721,"M0"
365,93861505,"M0"
366,127415937,"M0"
367,92812929,"M0"
368,126367361,"M0"
369,76035713,"M0"
370,109590145,"M0"
371,260732545,"M0"
372,243955329,"M0"
373,261781121,"M0"
374,245003905,"M0"
375,530511489,"M0"
376,513734273,"M0"
377,529462913,"M0"
378,512685697,"M0"
379,462340225,"M0"
380,445563009,"M0"
381,463388801,"M0"
382,446611585,"M0"
383,412975233,"M0"
384,278757505,"M0"
385,429752449,"M0"
386,295534721,"M0"
387,428703873,"M0"
388,294486145,"M0"
389,411926657,"M0"
390,277708929,"M0"
391,327975041,"M0"
392,311197825,"M0"
393,329023617,"M0"
394,312246401,"M0"
395,331120773,"M0"
396,314343557,"M0"
397,330072197,"M0"
398,313294981,"M0"
399,414023813,"M0"
400,279806085,"M0"
401,430801029,"M0"
402,296583301,"M0"
403,431849605,"M0"
404,297631877,"M0"
405,415072389,"M0"
406,280854661,"M0"
407,482195077,"M0"
408,347977349,"M0"
409,498972293,"M0"
410,364754565,"M0"
411,497923717,"M0"
412,363705989,"M0"
413,481146501,"M0"
414,346928773,"M0"
415,397194885,"M0"
416,380417669,"M0"
417,398243461,"M0"
418,381466245,"M0"
419,79181445,"M0"
420,112735877,"M0"
421,95958661,"M0"
422,129513093,"M0"
423,94910085,"M0"
424,128464517,"M0"
425,78132869,"M0"
426,111687301,"M0"
427,69744133,"M0"
428,103298565,"M0"
429,86521349,"M0"
430,120075781,"M0"
431,87569925,"M0"
432,121124357,"M0"
433,70792709,"M0"
434,104347141,"M0"
435,372028933,"M0"
436,373077509,"M0"
437,388806149,"M0"
438,389854725,"M0"
439,490583557,"M0"
440,356365829,"M0"
441,489534981,"M0"
442,355317253,"M0"
443,472757765,"M0"
444,338540037,"M0"
445,473806341,"M0"
446,339588613,"M0"
447,406683653,"M0"
448,272465925,"M0"
449,405635077,"M0"
450,271417349,"M0"
451,422412293,"M0"
452,288194565,"M0"
453,423460869,"M0"
454,289243141,"M0"
455,321683461,"M0"
456,322732037,"M0"
457,304906245,"M0"
458,305954821,"M0"
459,439271429,"M0"
460,440320005,"M0"
461,456048645,"M0"
462,457097221,"M0"
463,523171333,"M0"
464,524219909,"M0"
465,506394117,"M0"
466,507442693,"M0"
467,237663749,"M0"
468,238712325,"M0"
469,254440965,"M0"
470,255489541,"M0"
471,262829701,"M0"
472,263878277,"M0"
473,246052485,"M0"
474,247101061,"M0"
475,514782853,"M0"
476,515831429,"M0"
477,531560069,"M0"
478,532608645,"M0"
479,464437381,"M0"
480,465485957,"M0"
481,447660165,"M0"
482,448708741,"M0"
483,448186500,"M2c"
484,447137924,"M2c"
485,179751044,"M2c"
486,178702468,"M2c"
487,196528324,"M2d"
488,195479748,"M2d"
489,464963780,"M2d"
490,463915204,"M2d"
491,532086468,"M2"
492,531037892,"M2"
493,532610756,"M2"
494,531562180,"M2"
495,264175300,"M2"
496,263126724,"M2"
497,263651012,"M2"
498,262602436,"M2"
499,246873732,"M2a"
500,245825156,"M2a"
501,247398020,"M2a"
502,246349444,"M2a"
503,515833476,"M2a"
504,514784900,"M2a"
505,515309188,"M2a"
506,514260612,"M2a"
507,513212032,"M2a"
508,512163456,"M2a"
509,513736320,"M2a"
510,512687744,"M2a"
511,245300864,"M2a"
512,244252288,"M2a"
513,244776576,"M2a"
514,243728000,"M2a"
515,261553856,"M2"
516,260505280,"M2"
517,262078144,"M2"
518,261029568,"M2"
519,530513600,"M2"
520,529465024,"M2"
521,529989312,"M2"
522,528940736,"M2"
523,495304384,"M2"
524,361086656,"M2"
525,496352960,"M2"
526,362135232,"M2"
527,496877248,"M2"
528,362659520,"M2"
529,495828672,"M2"
530,361610944,"M2"
531,428705984,"M2d"
532,294488256,"M2d"
533,429754560,"M2d"
534,295536832,"M2d"
535,429230272,"M2d"
536,295012544,"M2d"
537,428181696,"M2d"
538,293963968,"M2d"
539,411404416,"M2c"
540,277186688,"M2c"
541,412452992,"M2c"
542,278235264,"M2c"
543,412977280,"M2c"
544,278759552,"M2c"
545,411928704,"M2c"
546,277710976,"M2c"
547,479051392,"M2a"
548,344833664,"M2a"
549,480099968,"M2a"
550,345882240,"M2a"
551,479575680,"M2a"
552,345357952,"M2a"
553,478527104,"M2a"
554,344309376,"M2a"
555,210091648,"M2a"
556,75873920,"M2a"
557,211140224,"M2a"
558,76922496,"M2a"
559,211664512,"M2a"
560,77446784,"M2a"
561,210615936,"M2a"
562,76398208,"M2a"
563,143493248,"M2c"
564,9275520,"M2c"
565,144541824,"M2c"
566,10324096,"M2c"
567,144017536,"M2c"
568,9799808,"M2c"
569,142968960,"M2c"
570,8751232,"M2c"
571,159746240,"M2d"
572,25528512,"M2d"
573,160794816,"M2d"
574,26577088,"M2d"
575,161319104,"M2d"
576,27101376,"M2d"
577,160270528,"M2d"
578,26052800,"M2d"
579,227393216,"M2"
580,93175488,"M2"
581,228441792,"M2"
582,94224064,"M2"
583,227917504,"M2"
584,93699776,"M2"
585,226868928,"M2"
586,92651200,"M2"
587,220577284,"M2a"
588,86359556,"M2a"
589,221625860,"M2a"
590,87408132,"M2a"
591,222150148,"M2a"
592,87932420,"M2a"
593,221101572,"M2a"
594,86883844,"M2a"
595,229490372,"M2"
596,95272644,"M2"
597,230538948,"M2"
598,96321220,"M2"
599,230014660,"M2"
600,95796932,"M2"
601,228966084,"M2"
602,94748356,"M2"
603,161843396,"M2d"
604,27625668,"M2d"
605,162891972,"M2d"
606,28674244,"M2d"
607,163416260,"M2d"
608,29198532,"M2d"
609,162367684,"M2d"
610,28149956,"M2d"
611,145590404,"M2c"
612,11372676,"M2c"
613,146638980,"M2c"
614,12421252,"M2c"
615,146114692,"M2c"
616,11896964,"M2c"
617,145066116,"M2c"
618,10848388,"M2c"
619,212188804,"M2a"
620,77971076,"M2a"
621,213237380,"M2a"
622,79019652,"M2a"
623,213761668,"M2a"
624,79543940,"M2a"
625,212713092,"M2a"
626,78495364,"M2a"
627,204324356,"M2a"
628,70106628,"M2a"
629,205372932,"M2a"
630,71155204,"M2a"
631,204848644,"M2a"
632,70630916,"M2a"
633,203800068,"M2a"
634,69582340,"M2a"
635,472235524,"M2a"
636,338017796,"M2a"
637,473284100,"M2a"
638,339066372,"M2a"
639,473808388,"M2a"
640,339590660,"M2a"
641,472759812,"M2a"
642,338542084,"M2a"
643,481148548,"M2a"
644,346930820,"M2a"
645,482197124,"M2a"
646,347979396,"M2a"
647,481672836,"M2a"
648,347455108,"M2a"
649,480624260,"M2a"
650,346406532,"M2a"
651,413501572,"M2c"
652,279283844,"M2c"
653,414550148,"M2c"
654,280332420,"M2c"
655,415074436,"M2c"
656,280856708,"M2c"
657,414025860,"M2c"
658,279808132,"M2c"
659,430803140,"M2d"
660,296585412,"M2d"
661,431851716,"M2d"
662,297633988,"M2d"
663,431327428,"M2d"
664,297109700,"M2d"
665,430278852,"M2d"
666,296061124,"M2d"
667,489012740,"M2a"
668,354795012,"M2a"
669,490061316,"M2a"
670,355843588,"M2a"
671,490585604,"M2a"
672,356367876,"M2a"
673,489537028,"M2a"
674,355319300,"M2a"
675,497925828,"M2"
676,363708100,"M2"
677,498974404,"M2"
678,364756676,"M2"
679,498450116,"M2"
680,364232388,"M2"
681,497401540,"M2"
682,363183812,"M2"
683,330598596,"M2d"
684,329550020,"M2d"
685,397721284,"M2"
686,396672708,"M2"
687,398245572,"M2"
688,397196996,"M2"
689,389856772,"M2a"
690,388808196,"M2a"
691,389332484,"M2a"
692,388283908,"M2a"
693,372555268,"M2a"
694,371506692,"M2a"
695,373079556,"M2a"
696,372030980,"M2a"
697,381468292,"M2a"
698,380419716,"M2a"
699,380944004,"M2a"
700,379895428,"M2a"
701,313821316,"M2c"
702,312772740,"M2c"
703,45385860,"M2c"
704,44337284,"M2c"
705,112508548,"M2a"
706,111459972,"M2a"
707,113032836,"M2a"
708,111984260,"M2a"
709,104644100,"M2a"
710,103595524,"M2a"
711,104119812,"M2a"
712,103071236,"M2a"
713,120897028,"M2a"
714,119848452,"M2a"
715,121421316,"M2a"
716,120372740,"M2a"
717,129810116,"M2"
718,128761540,"M2"
719,129285828,"M2"
720,128237252,"M2"
721,62163140,"M2d"
722,61114564,"M2d"
723,60065984,"M2d"
724,59017408,"M2d"
725,127188672,"M2"
726,126140096,"M2"
727,127712960,"M2"
728,126664384,"M2"
729,110935680,"M2a"
730,109887104,"M2a"
731,110411392,"M2a"
732,109362816,"M2a"
733,43288704,"M2c"
734,42240128,"M2c"
735,311724160,"M2c"
736,310675584,"M2c"
737,378846848,"M2a"
738,377798272,"M2a"
739,379371136,"M2a"
740,378322560,"M2a"
741,396148416,"M2"
742,395099840,"M2"
743,395624128,"M2"
744,394575552,"M2"
745,328501440,"M2d"
746,327452864,"M2d"
747,298059824,"M2"
748,331614256,"M2"
749,29624368,"M2"
750,63178800,"M2"
751,30672946,"M2"
752,64227378,"M2"
753,299108402,"M2"
754,332662834,"M2"
755,301205558,"M2"
756,334759990,"M2"
757,32770102,"M2"
758,66324534,"M2"
759,175524150,"M2b"
760,41306422,"M2b"
761,183912758,"M2b"
762,49695030,"M2b"
763,200689974,"M2b"
764,66472246,"M2b"
765,192301366,"M2b"
766,58083638,"M2b"
767,469125430,"M2b"
768,334907702,"M2b"
769,467028274,"M2b"
770,332810546,"M2b"
771,198592818,"M2b"
772,64375090,"M2b"
773,181815602,"M2b"
774,47597874,"M2b"
775,180767024,"M2b"
776,46549296,"M2b"
777,197544240,"M2b"
778,63326512,"M2b"
779,465979696,"M2b"
780,331761968,"M2b"
781,468076852,"M2b"
782,333859124,"M2b"
783,199641396,"M2b"
784,65423668,"M2b"
785,191252788,"M2b"
786,57035060,"M2b"
787,174475572,"M2b"
788,40257844,"M2b"
789,182864180,"M2b"
790,48646452,"M2b"
791,178930093,"M1"
792,44712365,"M1"
793,178405796,"il6"
794,44188068,"il6"
795,195183076,"M2"
796,60965348,"M2"
797,195707309,"M1"
798,61489581,"M1"
799,193610153,"M1"
800,59392425,"M1"
801,193085920,"M2"
802,58868192,"M2"
803,176308640,"il6"
804,42090912,"il6"
805,176832937,"M1"
806,42615209,"M1"
807,177881515,"M1"
808,43663787,"M1"
809,177357218,"il6"
810,43139490,"il6"
811,194134498,"M2"
812,59916770,"M2"
813,194658731,"M1"
814,60441003,"M1"
815,196755887,"M1"
816,62538159,"M1"
817,196231654,"M2"
818,62013926,"M2"
819,179454374,"il6"
820,45236646,"il6"
821,179978671,"M1"
822,45760943,"M1"
823,12058799,"M1"
824,45613231,"M1"
825,11534502,"M0"
826,45088934,"M0"
827,28311782,"M2"
828,61866214,"M2"
829,28836015,"M1"
830,62390447,"M1"
831,26738859,"M1"
832,60293291,"M1"
833,26214626,"M2"
834,59769058,"M2"
835,9437346,"M0"
836,42991778,"M0"
837,9961643,"M1"
838,43516075,"M1"
839,8913065,"M1"
840,42467497,"M1"
841,8388768,"M0"
842,41943200,"M0"
843,25166048,"M2"
844,58720480,"M2"
845,25690281,"M1"
846,59244713,"M1"
847,27787437,"M1"
848,61341869,"M1"
849,27263204,"M2"
850,60817636,"M2"
851,10485924,"M0"
852,44040356,"M0"
853,11010221,"M1"
854,44564653,"M1"
855,15204413,"M1"
856,48758845,"M1"
857,6815805,"M1"
858,40370237,"M1"
859,23593021,"M1"
860,57147453,"M1"
861,31981629,"M1"
862,65536061,"M1"
863,300679229,"M1"
864,334233661,"M1"
865,292290621,"M1"
866,325845053,"M1"
867,275513405,"M1"
868,309067837,"M1"
869,283902013,"M1"
870,317456445,"M1"
871,281804857,"M1"
872,315359289,"M1"
873,298582073,"M1"
874,332136505,"M1"
875,29884473,"M1"
876,63438905,"M1"
877,13107257,"M1"
878,46661689,"M1"
879,14155835,"M1"
880,47710267,"M1"
881,30933051,"M1"
882,64487483,"M1"
883,299630651,"M1"
884,333185083,"M1"
885,282853435,"M1"
886,316407867,"M1"
887,284950591,"M1"
888,318505023,"M1"
889,276561983,"M1"
890,310116415,"M1"
891,293339199,"M1"
892,326893631,"M1"
893,301727807,"M1"
894,335282239,"M1"
895,33030207,"M1"
896,66584639,"M1"
897,24641599,"M1"
898,58196031,"M1"
899,7864383,"M1"
900,41418815,"M1"
901,16252991,"M1"
902,49807423,"M1"
903,184172863,"M1"
904,49955135,"M1"
905,175784255,"M1"
906,41566527,"M1"
907,192561471,"M1"
908,58343743,"M1"
909,200950079,"M1"
910,66732351,"M1"
911,469647679,"M1"
912,335429951,"M1"
913,461259071,"M1"
914,327041343,"M1"
915,444481855,"M1"
916,310264127,"M1"
917,452870463,"M1"
918,318652735,"M1"
919,450773307,"M1"
920,316555579,"M1"
921,467550523,"M1"
922,333332795,"M1"
923,198852923,"M1"
924,64635195,"M1"
925,182075707,"M1"
926,47857979,"M1"
927,181027129,"M1"
928,46809401,"M1"
929,197804345,"M1"
930,63586617,"M1"
931,466501945,"M1"
932,332284217,"M1"
933,449724729,"M1"
934,315507001,"M1"
935,443433277,"M1"
936,309215549,"M1"
937,451821885,"M1"
938,317604157,"M1"
939,468599101,"M1"
940,334381373,"M1"
941,460210493,"M1"
942,325992765,"M1"
943,191512893,"M1"
944,57295165,"M1"
945,199901501,"M1"
946,65683773,"M1"
947,183124285,"M1"
948,48906557,"M1"
949,174735677,"M1"
950,40517949,"M1"
951,170017060,"il6"
952,35799332,"il6"
953,170541357,"M1"
954,36323629,"M1"
955,187318573,"M1"
956,53100845,"M1"
957,186794276,"il6"
958,52576548,"il6"
959,187842854,"il6"
960,53625126,"il6"
961,188367151,"M1"
962,54149423,"M1"
963,171589935,"M1"
964,37372207,"M1"
965,171065638,"il6"
966,36847910,"il6"
967,36700198,"M0"
968,3145766,"M0"
969,37224495,"M1"
970,3670063,"M1"
971,54001711,"M1"
972,20447279,"M1"
973,53477414,"M0"
974,19922982,"M0"
975,52428836,"M0"
976,18874404,"M0"
977,52953133,"M1"
978,19398701,"M1"
979,36175917,"M1"
980,2621485,"M1"
981,35651620,"M0"
982,2097188,"M0"
983,12847152,"M2"
984,46401584,"M2"
985,13895730,"M2"
986,47450162,"M2"
987,24381494,"M2"
988,57935926,"M2"
989,7604278,"M2"
990,41158710,"M2"
991,15992886,"M2"
992,49547318,"M2"
993,284428342,"M2"
994,317982774,"M2"
995,276039734,"M2"
996,309594166,"M2"
997,292816950,"M2"
998,326371382,"M2"
999,460736822,"M2b"
1000,326519094,"M2b"
1001,443959606,"M2b"
1002,309741878,"M2b"
1003,452348214,"M2b"
1004,318130486,"M2b"
1005,450251058,"M2b"
1006,316033330,"M2b"
1007,282331186,"M2"
1008,315885618,"M2"
1009,281282608,"M2"
1010,314837040,"M2"
1011,449202480,"M2b"
1012,314984752,"M2b"
1013,451299636,"M2b"
1014,317081908,"M2b"
1015,459688244,"M2b"
1016,325470516,"M2b"
1017,442911028,"M2b"
1018,308693300,"M2b"
1019,308545588,"M2"
1020,40110132,"M2"
1021,274991156,"M2"
1022,6555700,"M2"
1023,291768372,"M2"
1024,23332916,"M2"
1025,325322804,"M2"
1026,56887348,"M2"
1027,333711412,"M2"
1028,65275956,"M2"
1029,300156980,"M2"
1030,31721524,"M2"
1031,283379764,"M2"
1032,14944308,"M2"
1033,316934196,"M2"
1034,48498740,"M2"
1035,385105428,"M2"
1036,116669972,"M2"
1037,351550996,"M2"
1038,83115540,"M2"
1039,368328212,"M2"
1040,99892756,"M2"
1041,401882644,"M2"
1042,133447188,"M2"
1043,393494036,"M2"
1044,125058580,"M2"
1045,359939604,"M2"
1046,91504148,"M2"
1047,343162388,"M2"
1048,74726932,"M2"
1049,376716820,"M2"
1050,108281364,"M2"
1051,375668244,"M2"
1052,107232788,"M2"
1053,342113812,"M2"
1054,73678356,"M2"
1055,358891028,"M2"
1056,90455572,"M2"
1057,392445460,"M2"
1058,124010004,"M2"
1059,400834068,"M2"
1060,132398612,"M2"
1061,367279636,"M2"
1062,98844180,"M2"
1063,350502420,"M2"
1064,82066964,"M2"
1065,384056852,"M2"
1066,115621396,"M2"
1067,384581140,"M2"
1068,116145684,"M2"
1069,351026708,"M2"
1070,82591252,"M2"
1071,367803924,"M2"
1072,99368468,"M2"
1073,401358356,"M2"
1074,132922900,"M2"
1075,392969748,"M2"
1076,124534292,"M2"
1077,359415316,"M2"
1078,90979860,"M2"
1079,342638100,"M2"
1080,74202644,"M2"
1081,376192532,"M2"
1082,107757076,"M2"
1083,377241108,"M2"
1084,108805652,"M2"
1085,343686676,"M2"
1086,75251220,"M2"
1087,360463892,"M2"
1088,92028436,"M2"
1089,394018324,"M2"
1090,125582868,"M2"
1091,402406932,"M2"
1092,133971476,"M2"
1093,368852500,"M2"
1094,100417044,"M2"
1095,352075284,"M2"
1096,83639828,"M2"
1097,385629716,"M2"
1098,117194260,"M2"
1099,519994900,"M2"
1100,251559444,"M2"
1101,536772116,"M2"
1102,268336660,"M2"
1103,528383508,"M2"
1104,259948052,"M2"
1105,511606292,"M2"
1106,243170836,"M2"
1107,510557716,"M2"
1108,242122260,"M2"
1109,527334932,"M2"
1110,258899476,"M2"
1111,535723540,"M2"
1112,267288084,"M2"
1113,518946324,"M2"
1114,250510868,"M2"
1115,518422036,"M2"
1116,249986580,"M2"
1117,535199252,"M2"
1118,266763796,"M2"
1119,526810644,"M2"
1120,258375188,"M2"
1121,510033428,"M2"
1122,241597972,"M2"
1123,511082004,"M2"
1124,242646548,"M2"
1125,527859220,"M2"
1126,259423764,"M2"
1127,536247828,"M2"
1128,267812372,"M2"
1129,519470612,"M2"
1130,251035156,"M2"
1131,517373456,"M2"
1132,248938000,"M2"
1133,534150672,"M2"
1134,265715216,"M2"
1135,533102096,"M2"
1136,264666640,"M2"
1137,516324880,"M2"
1138,247889424,"M2"
1139,516849168,"M2"
1140,248413712,"M2"
1141,533626384,"M2"
1142,265190928,"M2"
1143,534674960,"M2"
1144,266239504,"M2"
1145,517897744,"M2"
1146,249462288,"M2"
1147,349978128,"M2"
1148,81542672,"M2"
1149,383532560,"M2"
1150,115097104,"M2"
1151,400309776,"M2"
1152,131874320,"M2"
1153,366755344,"M2"
1154,98319888,"M2"
1155,365706768,"M2"
1156,97271312,"M2"
1157,399261200,"M2"
1158,130825744,"M2"
1159,382483984,"M2"
1160,114048528,"M2"
1161,348929552,"M2"
1162,80494096,"M2"
1163,348405264,"M2"
1164,79969808,"M2"
1165,381959696,"M2"
1166,113524240,"M2"
1167,398736912,"M2"
1168,130301456,"M2"
1169,365182480,"M2"
1170,96747024,"M2"
1171,366231056,"M2"
1172,97795600,"M2"
1173,399785488,"M2"
1174,131350032,"M2"
1175,383008272,"M2"
1176,114572816,"M2"
1177,349453840,"M2"
1178,81018384,"M2"
1179,341163520,"M2a"
1180,72728064,"M2a"
1181,475381248,"M2a"
1182,206945792,"M2a"
1183,492158464,"M2a"
1184,223723008,"M2a"
1185,357940736,"M2a"
1186,89505280,"M2a"
1187,353746432,"M2a"
1188,85310976,"M2a"
1189,487964160,"M2a"
1190,219528704,"M2a"
1191,471186944,"M2a"
1192,202751488,"M2a"
1193,336969216,"M2a"
1194,68533760,"M2a"
1195,335920640,"M2a"
1196,67485184,"M2a"
1197,470138368,"M2a"
1198,201702912,"M2a"
1199,486915584,"M2a"
1200,218480128,"M2a"
1201,352697856,"M2a"
1202,84262400,"M2a"
1203,356892160,"M2a"
1204,88456704,"M2a"
1205,491109888,"M2a"
1206,222674432,"M2a"
1207,474332672,"M2a"
1208,205897216,"M2a"
1209,340114944,"M2a"
1210,71679488,"M2a"
1211,340639232,"M2a"
1212,72203776,"M2a"
1213,474856960,"M2a"
1214,206421504,"M2a"
1215,491634176,"M2a"
1216,223198720,"M2a"
1217,357416448,"M2a"
1218,88980992,"M2a"
1219,353222144,"M2a"
1220,84786688,"M2a"
1221,487439872,"M2a"
1222,219004416,"M2a"
1223,470662656,"M2a"
1224,202227200,"M2a"
1225,336444928,"M2a"
1226,68009472,"M2a"
1227,337493504,"M2a"
1228,69058048,"M2a"
1229,471711232,"M2a"
1230,203275776,"M2a"
1231,488488448,"M2a"
1232,220052992,"M2a"
1233,354270720,"M2a"
1234,85835264,"M2a"
1235,358465024,"M2a"
1236,90029568,"M2a"
1237,492682752,"M2a"
1238,224247296,"M2a"
1239,475905536,"M2a"
1240,207470080,"M2a"
1241,341687808,"M2a"
1242,73252352,"M2a"
1243,375176704,"M2a"
1244,106741248,"M2a"
1245,391953920,"M2a"
1246,123518464,"M2a"
1247,387759616,"M2a"
1248,119324160,"M2a"
1249,370982400,"M2a"
1250,102546944,"M2a"
1251,369933824,"M2a"
1252,101498368,"M2a"
1253,386711040,"M2a"
1254,118275584,"M2a"
1255,390905344,"M2a"
1256,122469888,"M2a"
1257,374128128,"M2a"
1258,105692672,"M2a"
1259,373603840,"M2a"
1260,105168384,"M2a"
1261,390381056,"M2a"
1262,121945600,"M2a"
1263,386186752,"M2a"
1264,117751296,"M2a"
1265,369409536,"M2a"
1266,100974080,"M2a"
1267,370458112,"M2a"
1268,102022656,"M2a"
1269,387235328,"M2a"
1270,118799872,"M2a"
1271,391429632,"M2a"
1272,122994176,"M2a"
1273,374652416,"M2a"
1274,106216960,"M2a"
1275,307529728,"M2c"
1276,39094272,"M2c"
1277,324306944,"M2c"
1278,55871488,"M2c"
1279,320112640,"M2c"
1280,51677184,"M2c"
1281,303335424,"M2c"
1282,34899968,"M2c"
1283,302286848,"M2c"
1284,33851392,"M2c"
1285,319064064,"M2c"
1286,50628608,"M2c"
1287,323258368,"M2c"
1288,54822912,"M2c"
1289,306481152,"M2c"
1290,38045696,"M2c"
1291,272992256,"M2c"
1292,4556800,"M2c"
1293,407209984,"M2c"
1294,138774528,"M2c"
1295,423987200,"M2c"
1296,155551744,"M2c"
1297,289769472,"M2c"
1298,21334016,"M2c"
1299,285575168,"M2c"
1300,17139712,"M2c"
1301,419792896,"M2c"
1302,151357440,"M2c"
1303,403015680,"M2c"
1304,134580224,"M2c"
1305,268797952,"M2c"
1306,362496,"M2c"
1307,269846528,"M2c"
1308,1411072,"M2c"
1309,404064256,"M2c"
1310,135628800,"M2c"
1311,420841472,"M2c"
1312,152406016,"M2c"
1313,286623744,"M2c"
1314,18188288,"M2c"
1315,290818048,"M2c"
1316,22382592,"M2c"
1317,425035776,"M2c"
1318,156600320,"M2c"
1319,408258560,"M2c"
1320,139823104,"M2c"
1321,274040832,"M2c"
1322,5605376,"M2c"
1323,274565120,"M2c"
1324,6129664,"M2c"
1325,408782848,"M2c"
1326,140347392,"M2c"
1327,404588544,"M2c"
1328,136153088,"M2c"
1329,270370816,"M2c"
1330,1935360,"M2c"
1331,287148032,"M2c"
1332,18712576,"M2c"
1333,421365760,"M2c"
1334,152930304,"M2c"
1335,425560064,"M2c"
1336,157124608,"M2c"
1337,291342336,"M2c"
1338,22906880,"M2c"
1339,290293760,"M2c"
1340,21858304,"M2c"
1341,424511488,"M2c"
1342,156076032,"M2c"
1343,407734272,"M2c"
1344,139298816,"M2c"
1345,273516544,"M2c"
1346,5081088,"M2c"
1347,269322240,"M2c"
1348,886784,"M2c"
1349,403539968,"M2c"
1350,135104512,"M2c"
1351,420317184,"M2c"
1352,151881728,"M2c"
1353,286099456,"M2c"
1354,17664000,"M2c"
1355,288196612,"M2c"
1356,19761156,"M2c"
1357,422414340,"M2c"
1358,153978884,"M2c"
1359,405637124,"M2c"
1360,137201668,"M2c"
1361,271419396,"M2c"
1362,2983940,"M2c"
1363,272467972,"M2c"
1364,4032516,"M2c"
1365,406685700,"M2c"
1366,138250244,"M2c"
1367,423462916,"M2c"
1368,155027460,"M2c"
1369,289245188,"M2c"
1370,20809732,"M2c"
1371,288720900,"M2c"
1372,20285444,"M2c"
1373,422938628,"M2c"
1374,154503172,"M2c"
1375,406161412,"M2c"
1376,137725956,"M2c"
1377,271943684,"M2c"
1378,3508228,"M2c"
1379,270895108,"M2c"
1380,2459652,"M2c"
1381,405112836,"M2c"
1382,136677380,"M2c"
1383,421890052,"M2c"
1384,153454596,"M2c"
1385,287672324,"M2c"
1386,19236868,"M2c"
1387,321161220,"M2c"
1388,52725764,"M2c"
1389,304384004,"M2c"
1390,35948548,"M2c"
1391,305432580,"M2c"
1392,36997124,"M2c"
1393,322209796,"M2c"
1394,53774340,"M2c"
1395,455526404,"M2c"
1396,187090948,"M2c"
1397,438749188,"M2c"
1398,170313732,"M2c"
1399,439797764,"M2c"
1400,171362308,"M2c"
1401,456574980,"M2c"
1402,188139524,"M2c"
1403,462866624,"M2d"
1404,194431168,"M2d"
1405,461818048,"M2d"
1406,193382592,"M2d"
1407,445040768,"M2c"
1408,176605312,"M2c"
1409,446089344,"M2c"
1410,177653888,"M2c"
1411,505347584,"M2a"
1412,236912128,"M2a"
1413,522124800,"M2a"
1414,253689344,"M2a"
1415,526319104,"M2a"
1416,257883648,"M2a"
1417,509541888,"M2a"
1418,241106432,"M2a"
1419,508493312,"M2a"
1420,240057856,"M2a"
1421,525270528,"M2a"
1422,256835072,"M2a"
1423,521076224,"M2a"
1424,252640768,"M2a"
1425,504299008,"M2a"
1426,235863552,"M2a"
1427,503774720,"M2a"
1428,235339264,"M2a"
1429,520551936,"M2a"
1430,252116480,"M2a"
1431,524746240,"M2a"
1432,256310784,"M2a"
1433,507969024,"M2a"
1434,239533568,"M2a"
1435,509017600,"M2a"
1436,240582144,"M2a"
1437,525794816,"M2a"
1438,257359360,"M2a"
1439,521600512,"M2a"
1440,253165056,"M2a"
1441,504823296,"M2a"
1442,236387840,"M2a"
1443,437700608,"M2c"
1444,169265152,"M2c"
1445,454477824,"M2c"
1446,186042368,"M2c"
1447,458672128,"M2c"
1448,190236672,"M2c"
1449,441894912,"M2c"
1450,173459456,"M2c"
1451,440846336,"M2c"
1452,172410880,"M2c"
1453,457623552,"M2c"
1454,189188096,"M2c"
1455,453429248,"M2c"
1456,184993792,"M2c"
1457,436652032,"M2c"
1458,168216576,"M2c"
1459,184696832,"M0"
1460,167919616,"M0"
1461,188891136,"M0"
1462,172113920,"M0"
1463,37748736,"M0"
1464,4194304,"M0"
1465,54525952,"M0"
1466,20971520,"M0"
1467,50331648,"M0"
1468,16777216,"M0"
1469,33554432,"M0"
1470,0,"M0"
1471,151535617,"M0*"
1471,151715841,"M0*"
1472,134758401,"M0*"
1472,134938625,"M0*"
1473,155729921,"M0*"
1473,155910145,"M0*"
1474,138952705,"M0*"
1474,139132929,"M0*"
1475,210269825,"M0*"
1475,210450049,"M0*"
1476,227047041,"M0*"
1476,227227265,"M0*"
1477,211318401,"M0*"
1477,211498625,"M0*"
1478,228095617,"M0*"
1478,228275841,"M0*"
1479,202929665,"M0*"
1479,203109889,"M0*"
1480,219706881,"M0*"
1480,219887105,"M0*"
1481,207123969,"M0*"
1481,207304193,"M0*"
1482,223901185,"M0*"
1482,224081409,"M0*"
1483,206075393,"M0*"
1483,206255617,"M0*"
1484,222852609,"M0*"
1484,223032833,"M0*"
1485,201881089,"M0*"
1485,202061313,"M0*"
1486,218658305,"M0*"
1486,218838529,"M0*"
1487,220755461,"M0*"
1487,220935685,"M0*"
1488,203978245,"M0*"
1488,204158469,"M0*"
1489,221804037,"M0*"
1489,221984261,"M0*"
1490,205026821,"M0*"
1490,205207045,"M0*"
1491,230192773,"M0*"
1491,230372997,"M0*"
1492,213415557,"M0*"
1492,213595781,"M0*"
1493,229144197,"M0*"
1493,229324421,"M0*"
1494,212366981,"M0*"
1494,212547205,"M0*"
1495,484212242,"M2*"
1495,484392466,"M2*"
1496,215776786,"M2*"
1496,215957010,"M2*"
1497,500989458,"M2*"
1497,501169682,"M2*"
1498,232554002,"M2*"
1498,232734226,"M2*"
1499,500465170,"M2*"
1499,500645394,"M2*"
1500,232029714,"M2*"
1500,232209938,"M2*"
1501,483687954,"M2*"
1501,483868178,"M2*"
1502,215252498,"M2*"
1502,215432722,"M2*"
1503,157827133,"M1*"
1503,158007613,"M1*"
1504,141049917,"M1*"
1504,141230397,"M1*"
1505,166215741,"M1*"
1505,166396221,"M1*"
1506,149438525,"M1*"
1506,149619005,"M1*"
1507,418136125,"M1*"
1507,418316605,"M1*"
1508,434913341,"M1*"
1508,435093821,"M1*"
1509,409747517,"M1*"
1509,409927997,"M1*"
1510,426524733,"M1*"
1510,426705213,"M1*"
1511,417087547,"M1*"
1511,417268027,"M1*"
1512,433864763,"M1*"
1512,434045243,"M1*"
1513,164118585,"M1*"
1513,164299065,"M1*"
1514,147341369,"M1*"
1514,147521849,"M1*"
1515,432816185,"M1*"
1515,432996665,"M1*"
1516,416038969,"M1*"
1516,416219449,"M1*"
1517,149178420,"M2b*"
1517,149358900,"M2b*"
1518,417613876,"M2b*"
1518,417794356,"M2b*"
1519,165955636,"M2b*"
1519,166136116,"M2b*"
1520,434391092,"M2b*"
1520,434571572,"M2b*"
1521,157567028,"M2b*"
1521,157747508,"M2b*"
1522,426002484,"M2b*"
1522,426182964,"M2b*"
1523,140789812,"M2b*"
1523,140970292,"M2b*"
1524,409225268,"M2b*"
1524,409405748,"M2b*"
1525,416565298,"M2b*"
1525,416745778,"M2b*"
1526,148129842,"M2b*"
1526,148310322,"M2b*"
1527,433342514,"M2b*"
1527,433522994,"M2b*"
1528,164907058,"M2b*"
1528,165087538,"M2b*"
1529,432293936,"M2b*"
1529,432474416,"M2b*"
1530,163858480,"M2b*"
1530,164038960,"M2b*"
1531,415516720,"M2b*"
1531,415697200,"M2b*"
1532,147081264,"M2b*"
1532,147261744,"M2b*"
1533,152059906,"M0*"
1533,152240130,"M0*"
1534,135282690,"M0*"
1534,135462914,"M0*"
1535,156254210,"M0*"
1535,156434434,"M0*"
1536,139476994,"M0*"
1536,139657218,"M0*"
1537,138428416,"M0*"
1537,138608640,"M0*"
1538,155205632,"M0*"
1538,155385856,"M0*"
1539,134234112,"M0*"
1539,134414336,"M0*"
1540,151011328,"M0*"
1540,151191552,"M0*"
1541,159400160,"M2*"
1541,159580640,"M2*"
1542,142622880,"il6*"
1542,142803360,"il6*"
1543,136331300,"il6*"
1543,136511780,"il6*"
1544,153108516,"il6*"
1544,153288996,"il6*"
1545,144720036,"il6*"
1545,144900516,"il6*"
1546,161497316,"M2*"
1546,161677796,"M2*"
1547,143671458,"il6*"
1547,143851938,"il6*"
1548,160448738,"M2*"
1548,160629218,"M2*"
1549,162545894,"M2*"
1549,162726374,"M2*"
1550,145768614,"il6*"
1550,145949094,"il6*"
1551,154157094,"il6*"
1551,154337574,"il6*"
1552,137379878,"il6*"
1552,137560358,"il6*"
1553,410796095,"M1*"
1553,410976575,"M1*"
1554,427573311,"M1*"
1554,427753791,"M1*"
1555,419184703,"M1*"
1555,419365183,"M1*"
1556,435961919,"M1*"
1556,436142399,"M1*"
1557,427051062,"M2b*"
1557,427231542,"M2b*"
1558,158615606,"M2b*"
1558,158796086,"M2b*"
1559,410273846,"M2b*"
1559,410454326,"M2b*"
1560,141838390,"M2b*"
1560,142018870,"M2b*"
1561,418662454,"M2b*"
1561,418842934,"M2b*"
1562,150226998,"M2b*"
1562,150407478,"M2b*"
1563,435439670,"M2b*"
1563,435620150,"M2b*"
1564,167004214,"M2b*"
1564,167184694,"M2b*"
1565,502562326,"M2*"
1565,502742550,"M2*"
1566,234126870,"M2*"
1566,234307094,"M2*"
1567,485785110,"M2*"
1567,485965334,"M2*"
1568,217349654,"M2*"
1568,217529878,"M2*"
1569,477396502,"M2*"
1569,477576726,"M2*"
1570,208961046,"M2*"
1570,209141270,"M2*"
1571,494173718,"M2*"
1571,494353942,"M2*"
1572,225738262,"M2*"
1572,225918486,"M2*"
1573,494698006,"M2*"
1573,494878230,"M2*"
1574,226262550,"M2*"
1574,226442774,"M2*"
1575,477920790,"M2*"
1575,478101014,"M2*"
1576,209485334,"M2*"
1576,209665558,"M2*"
1577,486309398,"M2*"
1577,486489622,"M2*"
1578,217873942,"M2*"
1578,218054166,"M2*"
1579,503086614,"M2*"
1579,503266838,"M2*"
1580,234651158,"M2*"
1580,234831382,"M2*"
1581,230981136,"M2*"
1581,231161360,"M2*"
1582,499416592,"M2*"
1582,499596816,"M2*"
1583,214203920,"M2*"
1583,214384144,"M2*"
1584,482639376,"M2*"
1584,482819600,"M2*"
1585,215252496,"M2*"
1585,215432720,"M2*"
1586,483687952,"M2*"
1586,483868176,"M2*"
1587,232029712,"M2*"
1587,232209936,"M2*"
1588,500465168,"M2*"
1588,500645392,"M2*"
1589,232554000,"M2*"
1589,232734224,"M2*"
1590,500989456,"M2*"
1590,501169680,"M2*"
1591,215776784,"M2*"
1591,215957008,"M2*"
1592,484212240,"M2*"
1592,484392464,"M2*"
1593,214728208,"M2*"
1593,214908432,"M2*"
1594,483163664,"M2*"
1594,483343888,"M2*"
1595,231505424,"M2*"
1595,231685648,"M2*"
1596,499940880,"M2*"
1596,500121104,"M2*"
1597,502038036,"M2*"
1597,502218260,"M2*"
1598,233602580,"M2*"
1598,233782804,"M2*"
1599,485260820,"M2*"
1599,485441044,"M2*"
1600,216825364,"M2*"
1600,217005588,"M2*"
1601,476872212,"M2*"
1601,477052436,"M2*"
1602,208436756,"M2*"
1602,208616980,"M2*"
1603,493649428,"M2*"
1603,493829652,"M2*"
1604,225213972,"M2*"
1604,225394196,"M2*"
1605,494698004,"M2*"
1605,494878228,"M2*"
1606,226262548,"M2*"
1606,226442772,"M2*"
1607,477920788,"M2*"
1607,478101012,"M2*"
1608,209485332,"M2*"
1608,209665556,"M2*"
1609,486309396,"M2*"
1609,486489620,"M2*"
1610,217873940,"M2*"
1610,218054164,"M2*"
1611,503086612,"M2*"
1611,503266836,"M2*"
1612,234651156,"M2*"
1612,234831380,"M2*"
1613,502562324,"M2*"
1613,502742548,"M2*"
1614,234126868,"M2*"
1614,234307092,"M2*"
1615,485785108,"M2*"
1615,485965332,"M2*"
1616,217349652,"M2*"
1616,217529876,"M2*"
1617,477396500,"M2*"
1617,477576724,"M2*"
1618,208961044,"M2*"
1618,209141268,"M2*"
1619,494173716,"M2*"
1619,494353940,"M2*"
1620,225738260,"M2*"
1620,225918484,"M2*"
1621,493125140,"M2*"
1621,493305364,"M2*"
1622,224689684,"M2*"
1622,224869908,"M2*"
1623,476347924,"M2*"
1623,476528148,"M2*"
1624,207912468,"M2*"
1624,208092692,"M2*"
1625,484736532,"M2*"
1625,484916756,"M2*"
1626,216301076,"M2*"
1626,216481300,"M2*"
1627,501513748,"M2*"
1627,501693972,"M2*"
1628,233078292,"M2*"
1628,233258516,"M2*"
1629,502035989,"M0*"
1629,502216213,"M0*"
1630,485258773,"M0*"
1630,485438997,"M0*"
1631,493647381,"M0*"
1631,493827605,"M0*"
1632,476870165,"M0*"
1632,477050389,"M0*"
1633,494695957,"M0*"
1633,494876181,"M0*"
1634,477918741,"M0*"
1634,478098965,"M0*"
1635,503084565,"M0*"
1635,503264789,"M0*"
1636,486307349,"M0*"
1636,486487573,"M0*"
1637,500987409,"M0*"
1637,501167633,"M0*"
1638,484210193,"M0*"
1638,484390417,"M0*"
1639,499938833,"M0*"
1639,500119057,"M0*"
1640,483161617,"M0*"
1640,483341841,"M0*"
1641,231241233,"M0*"
1641,231421457,"M0*"
1642,214464017,"M0*"
1642,214644241,"M0*"
1643,232289809,"M0*"
1643,232470033,"M0*"
1644,215512593,"M0*"
1644,215692817,"M0*"
1645,225998357,"M0*"
1645,226178581,"M0*"
1646,209221141,"M0*"
1646,209401365,"M0*"
1647,224949781,"M0*"
1647,225130005,"M0*"
1648,208172565,"M0*"
1648,208352789,"M0*"
1649,233338389,"M0*"
1649,233518613,"M0*"
1650,216561173,"M0*"
1650,216741397,"M0*"
1651,234386965,"M0*"
1651,234567189,"M0*"
1652,217609749,"M0*"
1652,217789973,"M0*"
1653,494695967,"M1*"
1653,494876191,"M1*"
1654,477918751,"M1*"
1654,478098975,"M1*"
1655,503084575,"M1*"
1655,503264799,"M1*"
1656,486307359,"M1*"
1656,486487583,"M1*"
1657,500987419,"M1*"
1657,501167643,"M1*"
1658,484210203,"M1*"
1658,484390427,"M1*"
1659,234386975,"M1*"
1659,234567199,"M1*"
1660,217609759,"M1*"
1660,217789983,"M1*"
1661,225998367,"M1*"
1661,226178591,"M1*"
1662,209221151,"M1*"
1662,209401375,"M1*"
1663,162021549,"M1*"
1663,162202029,"M1*"
1664,145244333,"M1*"
1664,145424813,"M1*"
1665,159924393,"M1*"
1665,160104873,"M1*"
1666,143147177,"M1*"
1666,143327657,"M1*"
1667,213415567,"M1*"
1667,213595791,"M1*"
1668,230192783,"M1*"
1668,230373007,"M1*"
1669,146292911,"M1*"
1669,146473391,"M1*"
1670,163070127,"M1*"
1670,163250607,"M1*"
1671,142098495,"M1*"
1671,142278975,"M1*"
1672,158875711,"M1*"
1672,159056191,"M1*"
1673,150487103,"M1*"
1673,150667583,"M1*"
1674,167264319,"M1*"
1674,167444799,"M1*"
1675,232289819,"M1*"
1675,232470043,"M1*"
1676,215512603,"M1*"
1676,215692827,"M1*"
1677,165167163,"M1*"
1677,165347643,"M1*"
1678,148389947,"M1*"
1678,148570427,"M1*"
1679,211318411,"M1*"
1679,211498635,"M1*"
1680,228095627,"M1*"
1680,228275851,"M1*"
1681,144195755,"M1*"
1681,144376235,"M1*"
1682,160972971,"M1*"
1682,161153451,"M1*"
1683,223901195,"M1*"
1683,224081419,"M1*"
1684,207123979,"M1*"
1684,207304203,"M1*"
1685,219706891,"M1*"
1685,219887115,"M1*"
1686,202929675,"M1*"
1686,203109899,"M1*"
1687,221804047,"M1*"
1687,221984271,"M1*"
1688,205026831,"M1*"
1688,205207055,"M1*"
1689,154681391,"M1*"
1689,154861871,"M1*"
1690,137904175,"M1*"
1690,138084655,"M1*"
1691,136855597,"M1*"
1691,137036077,"M1*"
1692,153632813,"M1*"
1692,153813293,"M1*"
1693,135806987,"M1*"
1693,135987211,"M1*"
1694,152584203,"M1*"
1694,152764427,"M1*"
1695,156778507,"M1*"
1695,156958731,"M1*"
1696,140001291,"M1*"
1696,140181515,"M1*"
1697,40370493,"M1*"
1697,40501309,"M1*"
1697,40386621,"M1*"
1698,57147709,"M1*"
1698,57278525,"M1*"
1698,57163837,"M1*"
1699,48759101,"M1*"
1699,48889917,"M1*"
1699,48775229,"M1*"
1700,65536317,"M1*"
1700,65667133,"M1*"
1700,65552445,"M1*"
1701,48775485,"M1*"
1701,48890173,"M1*"
1701,48906301,"M1*"
1702,40386877,"M1*"
1702,40501565,"M1*"
1702,40517693,"M1*"
1703,57164093,"M1*"
1703,57278781,"M1*"
1703,57294909,"M1*"
1704,65552701,"M1*"
1704,65667389,"M1*"
1704,65683517,"M1*"
1705,334233917,"M1*"
1705,334364733,"M1*"
1705,334250045,"M1*"
1706,317456701,"M1*"
1706,317587517,"M1*"
1706,317472829,"M1*"
1707,325845309,"M1*"
1707,325976125,"M1*"
1707,325861437,"M1*"
1708,309068093,"M1*"
1708,309198909,"M1*"
1708,309084221,"M1*"
1709,325861693,"M1*"
1709,325976381,"M1*"
1709,325992509,"M1*"
1710,309084477,"M1*"
1710,309199165,"M1*"
1710,309215293,"M1*"
1711,334250301,"M1*"
1711,334364989,"M1*"
1711,334381117,"M1*"
1712,317473085,"M1*"
1712,317587773,"M1*"
1712,317603901,"M1*"
1713,316424507,"M1*"
1713,316539195,"M1*"
1713,316555323,"M1*"
1714,333201723,"M1*"
1714,333316411,"M1*"
1714,333332539,"M1*"
1715,316408123,"M1*"
1715,316538939,"M1*"
1715,316424251,"M1*"
1716,333185339,"M1*"
1716,333316155,"M1*"
1716,333201467,"M1*"
1717,63455545,"M1*"
1717,63570233,"M1*"
1717,63586361,"M1*"
1718,46678329,"M1*"
1718,46793017,"M1*"
1718,46809145,"M1*"
1719,332153145,"M1*"
1719,332267833,"M1*"
1719,332283961,"M1*"
1720,315375929,"M1*"
1720,315490617,"M1*"
1720,315506745,"M1*"
1721,332136761,"M1*"
1721,332267577,"M1*"
1721,332152889,"M1*"
1722,315359545,"M1*"
1722,315490361,"M1*"
1722,315375673,"M1*"
1723,63439161,"M1*"
1723,63569977,"M1*"
1723,63455289,"M1*"
1724,46661945,"M1*"
1724,46792761,"M1*"
1724,46678073,"M1*"
1725,48515380,"M2b*"
1725,48630068,"M2b*"
1725,48646196,"M2b*"
1726,316950836,"M2b*"
1726,317065524,"M2b*"
1726,317081652,"M2b*"
1727,65292596,"M2b*"
1727,65407284,"M2b*"
1727,65423412,"M2b*"
1728,333728052,"M2b*"
1728,333842740,"M2b*"
1728,333858868,"M2b*"
1729,56903988,"M2b*"
1729,57018676,"M2b*"
1729,57034804,"M2b*"
1730,325339444,"M2b*"
1730,325454132,"M2b*"
1730,325470260,"M2b*"
1731,40126772,"M2b*"
1731,40241460,"M2b*"
1731,40257588,"M2b*"
1732,308562228,"M2b*"
1732,308676916,"M2b*"
1732,308693044,"M2b*"
1733,40110388,"M2b*"
1733,40241204,"M2b*"
1733,40126516,"M2b*"
1734,308545844,"M2b*"
1734,308676660,"M2b*"
1734,308561972,"M2b*"
1735,56887604,"M2b*"
1735,57018420,"M2b*"
1735,56903732,"M2b*"
1736,325323060,"M2b*"
1736,325453876,"M2b*"
1736,325339188,"M2b*"
1737,65276212,"M2b*"
1737,65407028,"M2b*"
1737,65292340,"M2b*"
1738,333711668,"M2b*"
1738,333842484,"M2b*"
1738,333727796,"M2b*"
1739,48498996,"M2b*"
1739,48629812,"M2b*"
1739,48515124,"M2b*"
1740,316934452,"M2b*"
1740,317065268,"M2b*"
1740,316950580,"M2b*"
1741,47450418,"M2b*"
1741,47581234,"M2b*"
1741,47466546,"M2b*"
1742,315885874,"M2b*"
1742,316016690,"M2b*"
1742,315902002,"M2b*"
1743,64227634,"M2b*"
1743,64358450,"M2b*"
1743,64243762,"M2b*"
1744,332663090,"M2b*"
1744,332793906,"M2b*"
1744,332679218,"M2b*"
1745,64244018,"M2b*"
1745,64358706,"M2b*"
1745,64374834,"M2b*"
1746,332679474,"M2b*"
1746,332794162,"M2b*"
1746,332810290,"M2b*"
1747,47466802,"M2b*"
1747,47581490,"M2b*"
1747,47597618,"M2b*"
1748,315902258,"M2b*"
1748,316016946,"M2b*"
1748,316033074,"M2b*"
1749,46418224,"M2b*"
1749,46532912,"M2b*"
1749,46549040,"M2b*"
1750,314853680,"M2b*"
1750,314968368,"M2b*"
1750,314984496,"M2b*"
1751,63195440,"M2b*"
1751,63310128,"M2b*"
1751,63326256,"M2b*"
1752,331630896,"M2b*"
1752,331745584,"M2b*"
1752,331761712,"M2b*"
1753,63179056,"M2b*"
1753,63309872,"M2b*"
1753,63195184,"M2b*"
1754,331614512,"M2b*"
1754,331745328,"M2b*"
1754,331630640,"M2b*"
1755,46401840,"M2b*"
1755,46532656,"M2b*"
1755,46417968,"M2b*"
1756,314837296,"M2b*"
1756,314968112,"M2b*"
1756,314853424,"M2b*"
1757,100352,"M2c*"
1757,329728,"M2c*"
1757,294912,"M2c*"
1758,33589248,"M2c*"
1758,33818624,"M2c*"
1758,33849344,"M2c*"
1759,16877568,"M2c*"
1759,17106944,"M2c*"
1759,17072128,"M2c*"
1760,50366464,"M2c*"
1760,50595840,"M2c*"
1760,50626560,"M2c*"
1761,21071872,"M2c*"
1761,21301248,"M2c*"
1761,21266432,"M2c*"
1762,54560768,"M2c*"
1762,54790144,"M2c*"
1762,54820864,"M2c*"
1763,4294656,"M2c*"
1763,4524032,"M2c*"
1763,4489216,"M2c*"
1764,37783552,"M2c*"
1764,38012928,"M2c*"
1764,38043648,"M2c*"
1765,184731648,"M2c*"
1765,184961024,"M2c*"
1765,184991744,"M2c*"
1766,167954432,"M2c*"
1766,168183808,"M2c*"
1766,168214528,"M2c*"
1767,188925952,"M2c*"
1767,189155328,"M2c*"
1767,189186048,"M2c*"
1768,172148736,"M2c*"
1768,172378112,"M2c*"
1768,172408832,"M2c*"
1769,188893184,"M2*"
1769,189153280,"M2*"
1769,188923904,"M2*"
1770,172115968,"M2*"
1770,172376064,"M2*"
1770,172146688,"M2*"
1771,184698880,"M2*"
1771,184958976,"M2*"
1771,184729600,"M2*"
1772,167921664,"M2*"
1772,168181760,"M2*"
1772,167952384,"M2*"
1773,189974528,"M2c*"
1773,190203904,"M2c*"
1773,190234626,"M2c*"
1774,173197312,"M2c*"
1774,173426688,"M2c*"
1774,173457410,"M2c*"
1775,168970240,"M2*"
1775,169230338,"M2*"
1775,169000962,"M2*"
1776,185747456,"M2*"
1776,186007554,"M2*"
1776,185778178,"M2*"
1777,173164544,"M2*"
1777,173424642,"M2*"
1777,173195266,"M2*"
1778,189941760,"M2*"
1778,190201858,"M2*"
1778,189972482,"M2*"
1779,22120448,"M2c*"
1779,22349824,"M2c*"
1779,22315010,"M2c*"
1780,5343232,"M2c*"
1780,5572608,"M2c*"
1780,5537794,"M2c*"
1781,1148928,"M2c*"
1781,1378304,"M2c*"
1781,1343490,"M2c*"
1782,17926144,"M2c*"
1782,18155520,"M2c*"
1782,18120706,"M2c*"
1783,51382272,"M2*"
1783,51642370,"M2*"
1783,51412994,"M2*"
1784,17858562,"M2*"
1784,17893376,"M2*"
1784,18087938,"M2*"
1785,34605056,"M2*"
1785,34865154,"M2*"
1785,34635778,"M2*"
1786,1081346,"M2*"
1786,1116160,"M2*"
1786,1310722,"M2*"
1787,38799360,"M2*"
1787,39059458,"M2*"
1787,38830082,"M2*"
1788,5275650,"M2*"
1788,5310464,"M2*"
1788,5505026,"M2*"
1789,55576576,"M2*"
1789,55836674,"M2*"
1789,55607298,"M2*"
1790,22052866,"M2*"
1790,22087680,"M2*"
1790,22282242,"M2*"
1791,58755520,"M2d*"
1791,59115712,"M2d*"
1791,59031776,"M2d*"
1792,58753504,"M2d*"
1792,58853568,"M2d*"
1792,58999008,"M2d*"
1793,25198816,"M2d*"
1793,25233600,"M2d*"
1793,25428192,"M2d*"
1794,58722496,"M2d*"
1794,58982624,"M2d*"
1794,58753248,"M2d*"
1795,25266368,"M2d*"
1795,25495744,"M2d*"
1795,25460960,"M2d*"
1796,58755264,"M2d*"
1796,58984640,"M2d*"
1796,59015392,"M2d*"
1797,8489088,"M2c*"
1797,8718464,"M2c*"
1797,8683680,"M2c*"
1798,41977984,"M2c*"
1798,42207360,"M2c*"
1798,42238112,"M2c*"
1799,8421536,"M2*"
1799,8456320,"M2*"
1799,8650912,"M2*"
1800,41945216,"M2*"
1800,42205344,"M2*"
1800,41975968,"M2*"
1801,41978240,"M2b*"
1801,42338432,"M2b*"
1801,42254496,"M2b*"
1802,41976224,"M2*"
1802,42076288,"M2*"
1802,42221728,"M2*"
1803,41945472,"M2b*"
1803,42336416,"M2b*"
1803,41992352,"M2b*"
1804,41992608,"M2b*"
1804,42076544,"M2b*"
1804,42352800,"M2b*"
1805,58722752,"M2*"
1805,59113696,"M2*"
1805,58769632,"M2*"
1806,58769888,"M2*"
1806,58853824,"M2*"
1806,59130080,"M2*"
1807,58720736,"M2*"
1807,58851552,"M2*"
1807,58736864,"M2*"
1808,58737120,"M2*"
1808,58851808,"M2*"
1808,58867936,"M2*"
1809,41943456,"il6*"
1809,42074272,"il6*"
1809,41959584,"il6*"
1810,41959840,"il6*"
1810,42074528,"il6*"
1810,42090656,"il6*"
1811,193087936,"M2*"
1811,193347808,"M2*"
1811,193118688,"M2*"
1812,193120704,"M2d*"
1812,193349824,"M2d*"
1812,193380576,"M2d*"
1813,176310656,"M2b*"
1813,176570528,"M2b*"
1813,176341408,"M2b*"
1814,176343424,"M2b*"
1814,176572544,"M2b*"
1814,176603296,"M2b*"
1815,170019076,"M2b*"
1815,170278948,"M2b*"
1815,170049828,"M2b*"
1816,186796292,"M2b*"
1816,187056164,"M2b*"
1816,186827044,"M2b*"
1817,170051844,"M2b*"
1817,170280964,"M2b*"
1817,170311716,"M2b*"
1818,186829060,"M2b*"
1818,187058180,"M2b*"
1818,187088932,"M2b*"
1819,35668260,"il6*"
1819,35782948,"il6*"
1819,35799076,"il6*"
1820,52445476,"il6*"
1820,52560164,"il6*"
1820,52576292,"il6*"
1821,35701028,"M2b*"
1821,35784964,"M2b*"
1821,36061220,"M2b*"
1822,52478244,"M2b*"
1822,52562180,"M2b*"
1822,52838436,"M2b*"
1823,35686660,"M2b*"
1823,36046852,"M2b*"
1823,35962916,"M2b*"
1824,52463876,"M2b*"
1824,52824068,"M2b*"
1824,52740132,"M2b*"
1825,35684644,"M2*"
1825,35784708,"M2*"
1825,35930148,"M2*"
1826,52461860,"M2*"
1826,52561924,"M2*"
1826,52707364,"M2*"
1827,2197508,"M2c*"
1827,2426884,"M2c*"
1827,2392100,"M2c*"
1828,35686404,"M2c*"
1828,35915780,"M2c*"
1828,35946532,"M2c*"
1829,18974724,"M2c*"
1829,19204100,"M2c*"
1829,19169316,"M2c*"
1830,52463620,"M2c*"
1830,52692996,"M2c*"
1830,52723748,"M2c*"
1831,18907172,"M2*"
1831,18941956,"M2*"
1831,19136548,"M2*"
1832,52430852,"M2*"
1832,52690980,"M2*"
1832,52461604,"M2*"
1833,2129956,"M2*"
1833,2164740,"M2*"
1833,2359332,"M2*"
1834,35653636,"M2*"
1834,35913764,"M2*"
1834,35684388,"M2*"
1835,35651876,"il6*"
1835,35782692,"il6*"
1835,35668004,"il6*"
1836,52429092,"il6*"
1836,52559908,"il6*"
1836,52445220,"il6*"
1837,35653892,"M2b*"
1837,36044836,"M2b*"
1837,35700772,"M2b*"
1838,52431108,"M2b*"
1838,52822052,"M2b*"
1838,52477988,"M2b*"
1839,44075396,"M2b*"
1839,44435588,"M2b*"
1839,44351652,"M2b*"
1840,44073380,"M2*"
1840,44173444,"M2*"
1840,44318884,"M2*"
1841,10518692,"M2*"
1841,10553476,"M2*"
1841,10748068,"M2*"
1842,44042372,"M2*"
1842,44302500,"M2*"
1842,44073124,"M2*"
1843,10586244,"M2c*"
1843,10815620,"M2c*"
1843,10780836,"M2c*"
1844,44075140,"M2c*"
1844,44304516,"M2c*"
1844,44335268,"M2c*"
1845,27363524,"M2d*"
1845,27592900,"M2d*"
1845,27558116,"M2d*"
1846,60852420,"M2d*"
1846,61081796,"M2d*"
1846,61112548,"M2d*"
1847,27295972,"M2d*"
1847,27330756,"M2d*"
1847,27525348,"M2d*"
1848,60819652,"M2d*"
1848,61079780,"M2d*"
1848,60850404,"M2d*"
1849,60852676,"M2d*"
1849,61212868,"M2d*"
1849,61128932,"M2d*"
1850,60850660,"M2d*"
1850,60950724,"M2d*"
1850,61096164,"M2d*"
1851,60819908,"M2*"
1851,61210852,"M2*"
1851,60866788,"M2*"
1852,60867044,"M2*"
1852,60950980,"M2*"
1852,61227236,"M2*"
1853,44042628,"M2b*"
1853,44433572,"M2b*"
1853,44089508,"M2b*"
1854,44089764,"M2b*"
1854,44173700,"M2b*"
1854,44449956,"M2b*"
1855,44040612,"il6*"
1855,44171428,"il6*"
1855,44056740,"il6*"
1856,44056996,"il6*"
1856,44171684,"il6*"
1856,44187812,"il6*"
1857,60817892,"M2*"
1857,60948708,"M2*"
1857,60834020,"M2*"
1858,60834276,"M2*"
1858,60948964,"M2*"
1858,60965092,"M2*"
1859,178440580,"M2b*"
1859,178669700,"M2b*"
1859,178700452,"M2b*"
1860,178407812,"M2b*"
1860,178667684,"M2b*"
1860,178438564,"M2b*"
1861,195217860,"M2d*"
1861,195446980,"M2d*"
1861,195477732,"M2d*"
1862,195185092,"M2*"
1862,195444964,"M2*"
1862,195215844,"M2*"
1863,187877636,"M2b*"
1863,188106756,"M2b*"
1863,188137510,"M2b*"
1864,171100420,"M2b*"
1864,171329540,"M2b*"
1864,171360294,"M2b*"
1865,179489156,"M2b*"
1865,179718276,"M2b*"
1865,179749030,"M2b*"
1866,196266436,"M2d*"
1866,196495556,"M2d*"
1866,196526310,"M2d*"
1867,36735236,"M2b*"
1867,37095428,"M2b*"
1867,37011494,"M2b*"
1868,53512452,"M2b*"
1868,53872644,"M2b*"
1868,53788710,"M2b*"
1869,45123972,"M2b*"
1869,45484164,"M2b*"
1869,45400230,"M2b*"
1870,61901252,"M2d*"
1870,62261444,"M2d*"
1870,62177510,"M2d*"
1871,61900996,"M2d*"
1871,62130372,"M2d*"
1871,62161126,"M2d*"
1872,28412100,"M2d*"
1872,28641476,"M2d*"
1872,28606694,"M2d*"
1873,11634820,"M2c*"
1873,11864196,"M2c*"
1873,11829414,"M2c*"
1874,45123716,"M2c*"
1874,45353092,"M2c*"
1874,45383846,"M2c*"
1875,20023300,"M2c*"
1875,20252676,"M2c*"
1875,20217894,"M2c*"
1876,53512196,"M2c*"
1876,53741572,"M2c*"
1876,53772326,"M2c*"
1877,3246084,"M2c*"
1877,3475460,"M2c*"
1877,3440678,"M2c*"
1878,36734980,"M2c*"
1878,36964356,"M2c*"
1878,36995110,"M2c*"
1879,59804096,"M2d*"
1879,60164288,"M2d*"
1879,60080354,"M2d*"
1880,59802082,"M2d*"
1880,59902144,"M2d*"
1880,60047586,"M2d*"
1881,43026816,"M2b*"
1881,43387008,"M2b*"
1881,43303074,"M2b*"
1882,43024802,"M2*"
1882,43124864,"M2*"
1882,43270306,"M2*"
1883,9537664,"M2c*"
1883,9767040,"M2c*"
1883,9732258,"M2c*"
1884,43026560,"M2c*"
1884,43255936,"M2c*"
1884,43286690,"M2c*"
1885,26314944,"M2d*"
1885,26544320,"M2d*"
1885,26509538,"M2d*"
1886,59803840,"M2d*"
1886,60033216,"M2d*"
1886,60063970,"M2d*"
1887,43041186,"M2b*"
1887,43125120,"M2b*"
1887,43401378,"M2b*"
1888,59818466,"M2*"
1888,59902400,"M2*"
1888,60178658,"M2*"
1889,194136512,"M2*"
1889,194396386,"M2*"
1889,194167266,"M2*"
1890,194169280,"M2d*"
1890,194398400,"M2d*"
1890,194429154,"M2d*"
1891,177359232,"M2b*"
1891,177619106,"M2b*"
1891,177389986,"M2b*"
1892,177392000,"M2b*"
1892,177621120,"M2b*"
1892,177651874,"M2b*"
1893,9470114,"M2*"
1893,9504896,"M2*"
1893,9699490,"M2*"
1894,42993792,"M2*"
1894,43253922,"M2*"
1894,43024546,"M2*"
1895,26247394,"M2d*"
1895,26282176,"M2d*"
1895,26476770,"M2d*"
1896,59771072,"M2d*"
1896,60031202,"M2d*"
1896,59801826,"M2d*"
1897,59771328,"M2*"
1897,60162274,"M2*"
1897,59818210,"M2*"
1898,42994048,"M2b*"
1898,43384994,"M2b*"
1898,43040930,"M2b*"
1899,43008418,"il6*"
1899,43123106,"il6*"
1899,43139234,"il6*"
1900,59785698,"M2*"
1900,59900386,"M2*"
1900,59916514,"M2*"
1901,59769314,"M2*"
1901,59900130,"M2*"
1901,59785442,"M2*"
1902,42992034,"il6*"
1902,43122850,"il6*"
1902,43008162,"il6*"
1903,53479684,"M2b*"
1903,53870630,"M2b*"
1903,53526566,"M2b*"
1904,36702468,"M2b*"
1904,37093414,"M2b*"
1904,36749350,"M2b*"
1905,45091204,"M2b*"
1905,45482150,"M2b*"
1905,45138086,"M2b*"
1906,61868484,"M2*"
1906,62259430,"M2*"
1906,61915366,"M2*"
1907,61868228,"M2d*"
1907,62128358,"M2d*"
1907,61898982,"M2d*"
1908,28344550,"M2d*"
1908,28379332,"M2d*"
1908,28573926,"M2d*"
1909,45090948,"M2*"
1909,45351078,"M2*"
1909,45121702,"M2*"
1910,11567270,"M2*"
1910,11602052,"M2*"
1910,11796646,"M2*"
1911,36702212,"M2*"
1911,36962342,"M2*"
1911,36732966,"M2*"
1912,3178534,"M2*"
1912,3213316,"M2*"
1912,3407910,"M2*"
1913,53479428,"M2*"
1913,53739558,"M2*"
1913,53510182,"M2*"
1914,19955750,"M2*"
1914,19990532,"M2*"
1914,20185126,"M2*"
1915,187844868,"M2b*"
1915,188104742,"M2b*"
1915,187875622,"M2b*"
1916,171067652,"M2b*"
1916,171327526,"M2b*"
1916,171098406,"M2b*"
1917,179456388,"M2b*"
1917,179716262,"M2b*"
1917,179487142,"M2b*"
1918,196233668,"M2*"
1918,196493542,"M2*"
1918,196264422,"M2*"
1919,53510438,"M2*"
1919,53610500,"M2*"
1919,53755942,"M2*"
1920,36733222,"M2*"
1920,36833284,"M2*"
1920,36978726,"M2*"
1921,53477670,"il6*"
1921,53608486,"il6*"
1921,53493798,"il6*"
1922,36700454,"il6*"
1922,36831270,"il6*"
1922,36716582,"il6*"
1923,45121958,"M2*"
1923,45222020,"M2*"
1923,45367462,"M2*"
1924,45089190,"il6*"
1924,45220006,"il6*"
1924,45105318,"il6*"
1925,61899238,"M2d*"
1925,61999300,"M2d*"
1925,62144742,"M2d*"
1926,61866470,"M2*"
1926,61997286,"M2*"
1926,61882598,"M2*"
1927,61915622,"M2*"
1927,61999556,"M2*"
1927,62275814,"M2*"
1928,45138342,"M2b*"
1928,45222276,"M2b*"
1928,45498534,"M2b*"
1929,53526822,"M2b*"
1929,53610756,"M2b*"
1929,53887014,"M2b*"
1930,36749606,"M2b*"
1930,36833540,"M2b*"
1930,37109798,"M2b*"
1931,61882854,"M2*"
1931,61997542,"M2*"
1931,62013670,"M2*"
1932,45105574,"il6*"
1932,45220262,"il6*"
1932,45236390,"il6*"
1933,36716838,"il6*"
1933,36831526,"il6*"
1933,36847654,"il6*"
1934,53494054,"il6*"
1934,53608742,"il6*"
1934,53624870,"il6*"
1935,310133055,"M1*"
1935,310247743,"M1*"
1935,310263871,"M1*"
1936,326910271,"M1*"
1936,327024959,"M1*"
1936,327041087,"M1*"
1937,318521663,"M1*"
1937,318636351,"M1*"
1937,318652479,"M1*"
1938,335298879,"M1*"
1938,335413567,"M1*"
1938,335429695,"M1*"
1939,318505279,"M1*"
1939,318636095,"M1*"
1939,318521407,"M1*"
1940,335282495,"M1*"
1940,335413311,"M1*"
1940,335298623,"M1*"
1941,310116671,"M1*"
1941,310247487,"M1*"
1941,310132799,"M1*"
1942,326893887,"M1*"
1942,327024703,"M1*"
1942,326910015,"M1*"
1943,326388022,"M2b*"
1943,326502710,"M2b*"
1943,326518838,"M2b*"
1944,57952566,"M2b*"
1944,58067254,"M2b*"
1944,58083382,"M2b*"
1945,309610806,"M2b*"
1945,309725494,"M2b*"
1945,309741622,"M2b*"
1946,41175350,"M2b*"
1946,41290038,"M2b*"
1946,41306166,"M2b*"
1947,317999414,"M2b*"
1947,318114102,"M2b*"
1947,318130230,"M2b*"
1948,49563958,"M2b*"
1948,49678646,"M2b*"
1948,49694774,"M2b*"
1949,334776630,"M2b*"
1949,334891318,"M2b*"
1949,334907446,"M2b*"
1950,66341174,"M2b*"
1950,66455862,"M2b*"
1950,66471990,"M2b*"
1951,334760246,"M2b*"
1951,334891062,"M2b*"
1951,334776374,"M2b*"
1952,66324790,"M2b*"
1952,66455606,"M2b*"
1952,66340918,"M2b*"
1953,317983030,"M2b*"
1953,318113846,"M2b*"
1953,317999158,"M2b*"
1954,49547574,"M2b*"
1954,49678390,"M2b*"
1954,49563702,"M2b*"
1955,309594422,"M2b*"
1955,309725238,"M2b*"
1955,309610550,"M2b*"
1956,41158966,"M2b*"
1956,41289782,"M2b*"
1956,41175094,"M2b*"
1957,326371638,"M2b*"
1957,326502454,"M2b*"
1957,326387766,"M2b*"
1958,57936182,"M2b*"
1958,58066998,"M2b*"
1958,57952310,"M2b*"
1959,41435455,"M1*"
1959,41550143,"M1*"
1959,41566271,"M1*"
1960,58212671,"M1*"
1960,58327359,"M1*"
1960,58343487,"M1*"
1961,49824063,"M1*"
1961,49938751,"M1*"
1961,49954879,"M1*"
1962,66601279,"M1*"
1962,66715967,"M1*"
1962,66732095,"M1*"
1963,49807679,"M1*"
1963,49938495,"M1*"
1963,49823807,"M1*"
1964,66584895,"M1*"
1964,66715711,"M1*"
1964,66601023,"M1*"
1965,41419071,"M1*"
1965,41549887,"M1*"
1965,41435199,"M1*"
1966,58196287,"M1*"
1966,58327103,"M1*"
1966,58212415,"M1*"
1967,61358509,"M1*"
1967,61473197,"M1*"
1967,61489325,"M1*"
1968,44581293,"M1*"
1968,44695981,"M1*"
1968,44712109,"M1*"
1969,44564909,"M1*"
1969,44695725,"M1*"
1969,44581037,"M1*"
1970,61342125,"M1*"
1970,61472941,"M1*"
1970,61358253,"M1*"
1971,42484137,"M1*"
1971,42598825,"M1*"
1971,42614953,"M1*"
1972,59261353,"M1*"
1972,59376041,"M1*"
1972,59392169,"M1*"
1973,42467753,"M1*"
1973,42598569,"M1*"
1973,42483881,"M1*"
1974,59244969,"M1*"
1974,59375785,"M1*"
1974,59261097,"M1*"
1975,62407087,"M1*"
1975,62521775,"M1*"
1975,62537903,"M1*"
1976,45629871,"M1*"
1976,45744559,"M1*"
1976,45760687,"M1*"
1977,62390703,"M1*"
1977,62521519,"M1*"
1977,62406831,"M1*"
1978,45613487,"M1*"
1978,45744303,"M1*"
1978,45629615,"M1*"
1979,64504123,"M1*"
1979,64618811,"M1*"
1979,64634939,"M1*"
1980,47726907,"M1*"
1980,47841595,"M1*"
1980,47857723,"M1*"
1981,64487739,"M1*"
1981,64618555,"M1*"
1981,64503867,"M1*"
1982,47710523,"M1*"
1982,47841339,"M1*"
1982,47726651,"M1*"
1983,43516331,"M1*"
1983,43647147,"M1*"
1983,43532459,"M1*"
1984,60293547,"M1*"
1984,60424363,"M1*"
1984,60309675,"M1*"
1985,43532715,"M1*"
1985,43647403,"M1*"
1985,43663531,"M1*"
1986,60309931,"M1*"
1986,60424619,"M1*"
1986,60440747,"M1*"
1987,54018351,"M1*"
1987,54133039,"M1*"
1987,54149167,"M1*"
1988,37241135,"M1*"
1988,37355823,"M1*"
1988,37371951,"M1*"
1989,54001967,"M1*"
1989,54132783,"M1*"
1989,54018095,"M1*"
1990,37224751,"M1*"
1990,37355567,"M1*"
1990,37240879,"M1*"
1991,52953389,"M1*"
1991,53084205,"M1*"
1991,52969517,"M1*"
1992,36176173,"M1*"
1992,36306989,"M1*"
1992,36192301,"M1*"
1993,52969773,"M1*"
1993,53084461,"M1*"
1993,53100589,"M1*"
1994,36192557,"M1*"
1994,36307245,"M1*"
1994,36323373,"M1*"
1995,185780224,"M2c*"
1995,186009600,"M2c*"
1995,186040322,"M2c*"
1996,169003008,"M2c*"
1996,169232384,"M2c*"
1996,169263106,"M2c*"
1997,51415040,"M2c*"
1997,51644416,"M2c*"
1997,51675138,"M2c*"
1998,34637824,"M2c*"
1998,34867200,"M2c*"
1998,34897922,"M2c*"
1999,55609344,"M2c*"
1999,55838720,"M2c*"
1999,55869442,"M2c*"
2000,38832128,"M2c*"
2000,39061504,"M2c*"
2000,39092226,"M2c*"
2001,50333696,"M2*"
2001,50593792,"M2*"
2001,50364416,"M2*"
2002,33556480,"M2*"
2002,33816576,"M2*"
2002,33587200,"M2*"
2003,54528000,"M2*"
2003,54788096,"M2*"
2003,54558720,"M2*"
2004,37750784,"M2*"
2004,38010880,"M2*"
2004,37781504,"M2*"
2005,21004288,"M2*"
2005,21039104,"M2*"
2005,21233664,"M2*"
2006,4227072,"M2*"
2006,4261888,"M2*"
2006,4456448,"M2*"
2007,16809984,"M2*"
2007,16844800,"M2*"
2007,17039360,"M2*"
2008,32768,"M2*"
2008,67584,"M2*"
2008,262144,"M2*"
2009,138936321,"M0*"
2009,139067393,"M0*"
2009,139083777,"M0*"
2009,139149313,"M0*"
2009,139018241,"M0*"
2009,139001857,"M0*"
2010,155713537,"M0*"
2010,155844609,"M0*"
2010,155860993,"M0*"
2010,155926529,"M0*"
2010,155795457,"M0*"
2010,155779073,"M0*"
2011,134742017,"M0*"
2011,134873089,"M0*"
2011,134889473,"M0*"
2011,134955009,"M0*"
2011,134823937,"M0*"
2011,134807553,"M0*"
2012,151519233,"M0*"
2012,151650305,"M0*"
2012,151666689,"M0*"
2012,151732225,"M0*"
2012,151601153,"M0*"
2012,151584769,"M0*"
2013,211302017,"M0*"
2013,211433089,"M0*"
2013,211449473,"M0*"
2013,211515009,"M0*"
2013,211383937,"M0*"
2013,211367553,"M0*"
2014,228079233,"M0*"
2014,228210305,"M0*"
2014,228226689,"M0*"
2014,228292225,"M0*"
2014,228161153,"M0*"
2014,228144769,"M0*"
2015,210253441,"M0*"
2015,210384513,"M0*"
2015,210400897,"M0*"
2015,210466433,"M0*"
2015,210335361,"M0*"
2015,210318977,"M0*"
2016,227030657,"M0*"
2016,227161729,"M0*"
2016,227178113,"M0*"
2016,227243649,"M0*"
2016,227112577,"M0*"
2016,227096193,"M0*"
2017,218641921,"M0*"
2017,218772993,"M0*"
2017,218789377,"M0*"
2017,218854913,"M0*"
2017,218723841,"M0*"
2017,218707457,"M0*"
2018,201864705,"M0*"
2018,201995777,"M0*"
2018,202012161,"M0*"
2018,202077697,"M0*"
2018,201946625,"M0*"
2018,201930241,"M0*"
2019,222836225,"M0*"
2019,222967297,"M0*"
2019,222983681,"M0*"
2019,223049217,"M0*"
2019,222918145,"M0*"
2019,222901761,"M0*"
2020,206059009,"M0*"
2020,206190081,"M0*"
2020,206206465,"M0*"
2020,206272001,"M0*"
2020,206140929,"M0*"
2020,206124545,"M0*"
2021,223884801,"M0*"
2021,224015873,"M0*"
2021,224032257,"M0*"
2021,224097793,"M0*"
2021,223966721,"M0*"
2021,223950337,"M0*"
2022,207107585,"M0*"
2022,207238657,"M0*"
2022,207255041,"M0*"
2022,207320577,"M0*"
2022,207189505,"M0*"
2022,207173121,"M0*"
2023,219690497,"M0*"
2023,219821569,"M0*"
2023,219837953,"M0*"
2023,219903489,"M0*"
2023,219772417,"M0*"
2023,219756033,"M0*"
2024,202913281,"M0*"
2024,203044353,"M0*"
2024,203060737,"M0*"
2024,203126273,"M0*"
2024,202995201,"M0*"
2024,202978817,"M0*"
2025,221787653,"M0*"
2025,221918725,"M0*"
2025,221935109,"M0*"
2025,222000645,"M0*"
2025,221869573,"M0*"
2025,221853189,"M0*"
2026,205010437,"M0*"
2026,205141509,"M0*"
2026,205157893,"M0*"
2026,205223429,"M0*"
2026,205092357,"M0*"
2026,205075973,"M0*"
2027,220739077,"M0*"
2027,220870149,"M0*"
2027,220886533,"M0*"
2027,220952069,"M0*"
2027,220820997,"M0*"
2027,220804613,"M0*"
2028,203961861,"M0*"
2028,204092933,"M0*"
2028,204109317,"M0*"
2028,204174853,"M0*"
2028,204043781,"M0*"
2028,204027397,"M0*"
2029,229127813,"M0*"
2029,229258885,"M0*"
2029,229275269,"M0*"
2029,229340805,"M0*"
2029,229209733,"M0*"
2029,229193349,"M0*"
2030,212350597,"M0*"
2030,212481669,"M0*"
2030,212498053,"M0*"
2030,212563589,"M0*"
2030,212432517,"M0*"
2030,212416133,"M0*"
2031,230176389,"M0*"
2031,230307461,"M0*"
2031,230323845,"M0*"
2031,230389381,"M0*"
2031,230258309,"M0*"
2031,230241925,"M0*"
2032,213399173,"M0*"
2032,213530245,"M0*"
2032,213546629,"M0*"
2032,213612165,"M0*"
2032,213481093,"M0*"
2032,213464709,"M0*"
2033,215236114,"M2*"
2033,215367186,"M2*"
2033,215383570,"M2*"
2033,215449106,"M2*"
2033,215318034,"M2*"
2033,215301650,"M2*"
2034,483671570,"M2*"
2034,483802642,"M2*"
2034,483819026,"M2*"
2034,483884562,"M2*"
2034,483753490,"M2*"
2034,483737106,"M2*"
2035,232013330,"M2*"
2035,232144402,"M2*"
2035,232160786,"M2*"
2035,232226322,"M2*"
2035,232095250,"M2*"
2035,232078866,"M2*"
2036,500448786,"M2*"
2036,500579858,"M2*"
2036,500596242,"M2*"
2036,500661778,"M2*"
2036,500530706,"M2*"
2036,500514322,"M2*"
2037,232537618,"M2*"
2037,232668690,"M2*"
2037,232685074,"M2*"
2037,232750610,"M2*"
2037,232619538,"M2*"
2037,232603154,"M2*"
2038,500973074,"M2*"
2038,501104146,"M2*"
2038,501120530,"M2*"
2038,501186066,"M2*"
2038,501054994,"M2*"
2038,501038610,"M2*"
2039,215760402,"M2*"
2039,215891474,"M2*"
2039,215907858,"M2*"
2039,215973394,"M2*"
2039,215842322,"M2*"
2039,215825938,"M2*"
2040,484195858,"M2*"
2040,484326930,"M2*"
2040,484343314,"M2*"
2040,484408850,"M2*"
2040,484277778,"M2*"
2040,484261394,"M2*"
2041,157810749,"M1*"
2041,157941821,"M1*"
2041,157958205,"M1*"
2041,158023997,"M1*"
2041,157892925,"M1*"
2041,157876541,"M1*"
2042,141033533,"M1*"
2042,141164605,"M1*"
2042,141180989,"M1*"
2042,141246781,"M1*"
2042,141115709,"M1*"
2042,141099325,"M1*"
2043,166199357,"M1*"
2043,166330429,"M1*"
2043,166346813,"M1*"
2043,166412605,"M1*"
2043,166281533,"M1*"
2043,166265149,"M1*"
2044,149422141,"M1*"
2044,149553213,"M1*"
2044,149569597,"M1*"
2044,149635389,"M1*"
2044,149504317,"M1*"
2044,149487933,"M1*"
2045,418119741,"M1*"
2045,418250813,"M1*"
2045,418267197,"M1*"
2045,418332989,"M1*"
2045,418201917,"M1*"
2045,418185533,"M1*"
2046,434896957,"M1*"
2046,435028029,"M1*"
2046,435044413,"M1*"
2046,435110205,"M1*"
2046,434979133,"M1*"
2046,434962749,"M1*"
2047,409731133,"M1*"
2047,409862205,"M1*"
2047,409878589,"M1*"
2047,409944381,"M1*"
2047,409813309,"M1*"
2047,409796925,"M1*"
2048,426508349,"M1*"
2048,426639421,"M1*"
2048,426655805,"M1*"
2048,426721597,"M1*"
2048,426590525,"M1*"
2048,426574141,"M1*"
2049,417071163,"M1*"
2049,417202235,"M1*"
2049,417218619,"M1*"
2049,417284411,"M1*"
2049,417153339,"M1*"
2049,417136955,"M1*"
2050,433848379,"M1*"
2050,433979451,"M1*"
2050,433995835,"M1*"
2050,434061627,"M1*"
2050,433930555,"M1*"
2050,433914171,"M1*"
2051,164102201,"M1*"
2051,164233273,"M1*"
2051,164249657,"M1*"
2051,164315449,"M1*"
2051,164184377,"M1*"
2051,164167993,"M1*"
2052,147324985,"M1*"
2052,147456057,"M1*"
2052,147472441,"M1*"
2052,147538233,"M1*"
2052,147407161,"M1*"
2052,147390777,"M1*"
2053,432799801,"M1*"
2053,432930873,"M1*"
2053,432947257,"M1*"
2053,433013049,"M1*"
2053,432881977,"M1*"
2053,432865593,"M1*"
2054,416022585,"M1*"
2054,416153657,"M1*"
2054,416170041,"M1*"
2054,416235833,"M1*"
2054,416104761,"M1*"
2054,416088377,"M1*"
2055,409208884,"M2b*"
2055,409339956,"M2b*"
2055,409356340,"M2b*"
2055,409422132,"M2b*"
2055,409291060,"M2b*"
2055,409274676,"M2b*"
2056,140773428,"M2b*"
2056,140904500,"M2b*"
2056,140920884,"M2b*"
2056,140986676,"M2b*"
2056,140855604,"M2b*"
2056,140839220,"M2b*"
2057,425986100,"M2b*"
2057,426117172,"M2b*"
2057,426133556,"M2b*"
2057,426199348,"M2b*"
2057,426068276,"M2b*"
2057,426051892,"M2b*"
2058,157550644,"M2b*"
2058,157681716,"M2b*"
2058,157698100,"M2b*"
2058,157763892,"M2b*"
2058,157632820,"M2b*"
2058,157616436,"M2b*"
2059,434374708,"M2b*"
2059,434505780,"M2b*"
2059,434522164,"M2b*"
2059,434587956,"M2b*"
2059,434456884,"M2b*"
2059,434440500,"M2b*"
2060,165939252,"M2b*"
2060,166070324,"M2b*"
2060,166086708,"M2b*"
2060,166152500,"M2b*"
2060,166021428,"M2b*"
2060,166005044,"M2b*"
2061,417597492,"M2b*"
2061,417728564,"M2b*"
2061,417744948,"M2b*"
2061,417810740,"M2b*"
2061,417679668,"M2b*"
2061,417663284,"M2b*"
2062,149162036,"M2b*"
2062,149293108,"M2b*"
2062,149309492,"M2b*"
2062,149375284,"M2b*"
2062,149244212,"M2b*"
2062,149227828,"M2b*"
2063,433326130,"M2b*"
2063,433457202,"M2b*"
2063,433473586,"M2b*"
2063,433539378,"M2b*"
2063,433408306,"M2b*"
2063,433391922,"M2b*"
2064,164890674,"M2b*"
2064,165021746,"M2b*"
2064,165038130,"M2b*"
2064,165103922,"M2b*"
2064,164972850,"M2b*"
2064,164956466,"M2b*"
2065,416548914,"M2b*"
2065,416679986,"M2b*"
2065,416696370,"M2b*"
2065,416762162,"M2b*"
2065,416631090,"M2b*"
2065,416614706,"M2b*"
2066,148113458,"M2b*"
2066,148244530,"M2b*"
2066,148260914,"M2b*"
2066,148326706,"M2b*"
2066,148195634,"M2b*"
2066,148179250,"M2b*"
2067,415500336,"M2b*"
2067,415631408,"M2b*"
2067,415647792,"M2b*"
2067,415713584,"M2b*"
2067,415582512,"M2b*"
2067,415566128,"M2b*"
2068,147064880,"M2b*"
2068,147195952,"M2b*"
2068,147212336,"M2b*"
2068,147278128,"M2b*"
2068,147147056,"M2b*"
2068,147130672,"M2b*"
2069,432277552,"M2b*"
2069,432408624,"M2b*"
2069,432425008,"M2b*"
2069,432490800,"M2b*"
2069,432359728,"M2b*"
2069,432343344,"M2b*"
2070,163842096,"M2b*"
2070,163973168,"M2b*"
2070,163989552,"M2b*"
2070,164055344,"M2b*"
2070,163924272,"M2b*"
2070,163907888,"M2b*"
2071,156338176,"M2c*"
2071,156567552,"M2c*"
2071,156532738,"M2c*"
2071,156469248,"M2c*"
2071,156583936,"M2c*"
2071,156598274,"M2c*"
2072,139560960,"M2c*"
2072,139790336,"M2c*"
2072,139755522,"M2c*"
2072,139692032,"M2c*"
2072,139806720,"M2c*"
2072,139821058,"M2c*"
2073,139528192,"M2*"
2073,139722754,"M2*"
2073,139624450,"M2*"
2073,139675648,"M2*"
2073,139804674,"M2*"
2073,139558914,"M2*"
2074,156305408,"M2*"
2074,156499970,"M2*"
2074,156401666,"M2*"
2074,156452864,"M2*"
2074,156581890,"M2*"
2074,156336130,"M2*"
2075,156237826,"M0*"
2075,156368898,"M0*"
2075,156385282,"M0*"
2075,156450818,"M0*"
2075,156319746,"M0*"
2075,156303362,"M0*"
2076,139460610,"M0*"
2076,139591682,"M0*"
2076,139608066,"M0*"
2076,139673602,"M0*"
2076,139542530,"M0*"
2076,139526146,"M0*"
2077,152043522,"M0*"
2077,152174594,"M0*"
2077,152190978,"M0*"
2077,152256514,"M0*"
2077,152125442,"M0*"
2077,152109058,"M0*"
2078,135266306,"M0*"
2078,135397378,"M0*"
2078,135413762,"M0*"
2078,135479298,"M0*"
2078,135348226,"M0*"
2078,135331842,"M0*"
2079,156270594,"M2*"
2079,156436480,"M2*"
2079,156516354,"M2*"
2079,156467202,"M2*"
2079,156321792,"M2*"
2079,156565506,"M2*"
2080,139493378,"M2*"
2080,139659264,"M2*"
2080,139739138,"M2*"
2080,139689986,"M2*"
2080,139544576,"M2*"
2080,139788290,"M2*"
2081,155189248,"M0*"
2081,155320320,"M0*"
2081,155336704,"M0*"
2081,155402240,"M0*"
2081,155271168,"M0*"
2081,155254784,"M0*"
2082,138412032,"M0*"
2082,138543104,"M0*"
2082,138559488,"M0*"
2082,138625024,"M0*"
2082,138493952,"M0*"
2082,138477568,"M0*"
2083,150994944,"M0*"
2083,151126016,"M0*"
2083,151142400,"M0*"
2083,151207936,"M0*"
2083,151076864,"M0*"
2083,151060480,"M0*"
2084,134217728,"M0*"
2084,134348800,"M0*"
2084,134365184,"M0*"
2084,134430720,"M0*"
2084,134299648,"M0*"
2084,134283264,"M0*"
2085,151095296,"M2c*"
2085,151324672,"M2c*"
2085,151289856,"M2c*"
2085,151226368,"M2c*"
2085,151341056,"M2c*"
2085,151355392,"M2c*"
2086,134318080,"M2c*"
2086,134547456,"M2c*"
2086,134512640,"M2c*"
2086,134449152,"M2c*"
2086,134563840,"M2c*"
2086,134578176,"M2c*"
2087,151027712,"M2*"
2087,151193600,"M2*"
2087,151273472,"M2*"
2087,151224320,"M2*"
2087,151078912,"M2*"
2087,151322624,"M2*"
2088,134250496,"M2*"
2088,134416384,"M2*"
2088,134496256,"M2*"
2088,134447104,"M2*"
2088,134301696,"M2*"
2088,134545408,"M2*"
2089,134285312,"M2*"
2089,134479872,"M2*"
2089,134381568,"M2*"
2089,134432768,"M2*"
2089,134561792,"M2*"
2089,134316032,"M2*"
2090,151062528,"M2*"
2090,151257088,"M2*"
2090,151158784,"M2*"
2090,151209984,"M2*"
2090,151339008,"M2*"
2090,151093248,"M2*"
2091,142674048,"M2*"
2091,142868640,"M2*"
2091,142770336,"M2*"
2091,142821504,"M2*"
2091,142950560,"M2*"
2091,142705056,"M2*"
2092,142706816,"M2c*"
2092,142936192,"M2c*"
2092,142901408,"M2c*"
2092,142837888,"M2c*"
2092,142952576,"M2c*"
2092,142966944,"M2c*"
2093,159451328,"M2d*"
2093,159645920,"M2d*"
2093,159547616,"M2d*"
2093,159598784,"M2d*"
2093,159727840,"M2d*"
2093,159482336,"M2d*"
2094,159484096,"M2d*"
2094,159713472,"M2d*"
2094,159678688,"M2d*"
2094,159615168,"M2d*"
2094,159729856,"M2d*"
2094,159744224,"M2d*"
2095,159383776,"M2*"
2095,159514848,"M2*"
2095,159531232,"M2*"
2095,159597024,"M2*"
2095,159465952,"M2*"
2095,159449568,"M2*"
2096,159416544,"M2d*"
2096,159582400,"M2d*"
2096,159662304,"M2d*"
2096,159613408,"M2d*"
2096,159467712,"M2d*"
2096,159711456,"M2d*"
2097,142606496,"il6*"
2097,142737568,"il6*"
2097,142753952,"il6*"
2097,142819744,"il6*"
2097,142688672,"il6*"
2097,142672288,"il6*"
2098,142639264,"M2*"
2098,142805120,"M2*"
2098,142885024,"M2*"
2098,142836128,"M2*"
2098,142690432,"M2*"
2098,142934176,"M2*"
2099,153192452,"M2c*"
2099,153421828,"M2c*"
2099,153387044,"M2c*"
2099,153323524,"M2c*"
2099,153438212,"M2c*"
2099,153452580,"M2c*"
2100,136415236,"M2c*"
2100,136644612,"M2c*"
2100,136609828,"M2c*"
2100,136546308,"M2c*"
2100,136660996,"M2c*"
2100,136675364,"M2c*"
2101,136347684,"M2*"
2101,136513540,"M2*"
2101,136593444,"M2*"
2101,136544548,"M2*"
2101,136398852,"M2*"
2101,136642596,"M2*"
2102,153124900,"M2*"
2102,153290756,"M2*"
2102,153370660,"M2*"
2102,153321764,"M2*"
2102,153176068,"M2*"
2102,153419812,"M2*"
2103,136382468,"M2*"
2103,136577060,"M2*"
2103,136478756,"M2*"
2103,136529924,"M2*"
2103,136658980,"M2*"
2103,136413476,"M2*"
2104,153159684,"M2*"
2104,153354276,"M2*"
2104,153255972,"M2*"
2104,153307140,"M2*"
2104,153436196,"M2*"
2104,153190692,"M2*"
2105,136314916,"il6*"
2105,136445988,"il6*"
2105,136462372,"il6*"
2105,136528164,"il6*"
2105,136397092,"il6*"
2105,136380708,"il6*"
2106,153092132,"il6*"
2106,153223204,"il6*"
2106,153239588,"il6*"
2106,153305380,"il6*"
2106,153174308,"il6*"
2106,153157924,"il6*"
2107,144703652,"il6*"
2107,144834724,"il6*"
2107,144851108,"il6*"
2107,144916900,"il6*"
2107,144785828,"il6*"
2107,144769444,"il6*"
2108,161480932,"M2*"
2108,161612004,"M2*"
2108,161628388,"M2*"
2108,161694180,"M2*"
2108,161563108,"M2*"
2108,161546724,"M2*"
2109,161548484,"M2d*"
2109,161743076,"M2d*"
2109,161644772,"M2d*"
2109,161695940,"M2d*"
2109,161824996,"M2d*"
2109,161579492,"M2d*"
2110,161581252,"M2d*"
2110,161810628,"M2d*"
2110,161775844,"M2d*"
2110,161712324,"M2d*"
2110,161827012,"M2d*"
2110,161841380,"M2d*"
2111,161513700,"M2d*"
2111,161679556,"M2d*"
2111,161759460,"M2d*"
2111,161710564,"M2d*"
2111,161564868,"M2d*"
2111,161808612,"M2d*"
2112,144736420,"M2*"
2112,144902276,"M2*"
2112,144982180,"M2*"
2112,144933284,"M2*"
2112,144787588,"M2*"
2112,145031332,"M2*"
2113,144803972,"M2c*"
2113,145033348,"M2c*"
2113,144998564,"M2c*"
2113,144935044,"M2c*"
2113,145049732,"M2c*"
2113,145064100,"M2c*"
2114,144771204,"M2*"
2114,144965796,"M2*"
2114,144867492,"M2*"
2114,144918660,"M2*"
2114,145047716,"M2*"
2114,144802212,"M2*"
2115,162629828,"M2d*"
2115,162859204,"M2d*"
2115,162824422,"M2d*"
2115,162760900,"M2d*"
2115,162875588,"M2d*"
2115,162889958,"M2d*"
2116,145852548,"M2c*"
2116,146081924,"M2c*"
2116,146047142,"M2c*"
2116,145983620,"M2c*"
2116,146098308,"M2c*"
2116,146112678,"M2c*"
2117,137463812,"M2c*"
2117,137693188,"M2c*"
2117,137658406,"M2c*"
2117,137594884,"M2c*"
2117,137709572,"M2c*"
2117,137723942,"M2c*"
2118,154241028,"M2c*"
2118,154470404,"M2c*"
2118,154435622,"M2c*"
2118,154372100,"M2c*"
2118,154486788,"M2c*"
2118,154501158,"M2c*"
2119,160532672,"M2d*"
2119,160762048,"M2d*"
2119,160727266,"M2d*"
2119,160663744,"M2d*"
2119,160778432,"M2d*"
2119,160792802,"M2d*"
2120,143755392,"M2c*"
2120,143984768,"M2c*"
2120,143949986,"M2c*"
2120,143886464,"M2c*"
2120,144001152,"M2c*"
2120,144015522,"M2c*"
2121,143722624,"M2*"
2121,143917218,"M2*"
2121,143818914,"M2*"
2121,143870080,"M2*"
2121,143999138,"M2*"
2121,143753634,"M2*"
2122,160499904,"M2d*"
2122,160694498,"M2d*"
2122,160596194,"M2d*"
2122,160647360,"M2d*"
2122,160776418,"M2d*"
2122,160530914,"M2d*"
2123,160432354,"M2*"
2123,160563426,"M2*"
2123,160579810,"M2*"
2123,160645602,"M2*"
2123,160514530,"M2*"
2123,160498146,"M2*"
2124,160465122,"M2d*"
2124,160630976,"M2d*"
2124,160710882,"M2d*"
2124,160661986,"M2d*"
2124,160516288,"M2d*"
2124,160760034,"M2d*"
2125,143655074,"il6*"
2125,143786146,"il6*"
2125,143802530,"il6*"
2125,143868322,"il6*"
2125,143737250,"il6*"
2125,143720866,"il6*"
2126,143687842,"M2*"
2126,143853696,"M2*"
2126,143933602,"M2*"
2126,143884706,"M2*"
2126,143739008,"M2*"
2126,143982754,"M2*"
2127,162562278,"M2d*"
2127,162728132,"M2d*"
2127,162808038,"M2d*"
2127,162759142,"M2d*"
2127,162613444,"M2d*"
2127,162857190,"M2d*"
2128,145784998,"M2*"
2128,145950852,"M2*"
2128,146030758,"M2*"
2128,145981862,"M2*"
2128,145836164,"M2*"
2128,146079910,"M2*"
2129,154173478,"M2*"
2129,154339332,"M2*"
2129,154419238,"M2*"
2129,154370342,"M2*"
2129,154224644,"M2*"
2129,154468390,"M2*"
2130,137396262,"M2*"
2130,137562116,"M2*"
2130,137642022,"M2*"
2130,137593126,"M2*"
2130,137447428,"M2*"
2130,137691174,"M2*"
2131,162597060,"M2d*"
2131,162791654,"M2d*"
2131,162693350,"M2d*"
2131,162744516,"M2d*"
2131,162873574,"M2d*"
2131,162628070,"M2d*"
2132,162529510,"M2*"
2132,162660582,"M2*"
2132,162676966,"M2*"
2132,162742758,"M2*"
2132,162611686,"M2*"
2132,162595302,"M2*"
2133,145819780,"M2*"
2133,146014374,"M2*"
2133,145916070,"M2*"
2133,145967236,"M2*"
2133,146096294,"M2*"
2133,145850790,"M2*"
2134,145752230,"il6*"
2134,145883302,"il6*"
2134,145899686,"il6*"
2134,145965478,"il6*"
2134,145834406,"il6*"
2134,145818022,"il6*"
2135,154140710,"il6*"
2135,154271782,"il6*"
2135,154288166,"il6*"
2135,154353958,"il6*"
2135,154222886,"il6*"
2135,154206502,"il6*"
2136,137363494,"il6*"
2136,137494566,"il6*"
2136,137510950,"il6*"
2136,137576742,"il6*"
2136,137445670,"il6*"
2136,137429286,"il6*"
2137,154208260,"M2*"
2137,154402854,"M2*"
2137,154304550,"M2*"
2137,154355716,"M2*"
2137,154484774,"M2*"
2137,154239270,"M2*"
2138,137431044,"M2*"
2138,137625638,"M2*"
2138,137527334,"M2*"
2138,137578500,"M2*"
2138,137707558,"M2*"
2138,137462054,"M2*"
2139,419168319,"M1*"
2139,419299391,"M1*"
2139,419315775,"M1*"
2139,419381567,"M1*"
2139,419250495,"M1*"
2139,419234111,"M1*"
2140,435945535,"M1*"
2140,436076607,"M1*"
2140,436092991,"M1*"
2140,436158783,"M1*"
2140,436027711,"M1*"
2140,436011327,"M1*"
2141,410779711,"M1*"
2141,410910783,"M1*"
2141,410927167,"M1*"
2141,410992959,"M1*"
2141,410861887,"M1*"
2141,410845503,"M1*"
2142,427556927,"M1*"
2142,427687999,"M1*"
2142,427704383,"M1*"
2142,427770175,"M1*"
2142,427639103,"M1*"
2142,427622719,"M1*"
2143,435423286,"M2b*"
2143,435554358,"M2b*"
2143,435570742,"M2b*"
2143,435636534,"M2b*"
2143,435505462,"M2b*"
2143,435489078,"M2b*"
2144,166987830,"M2b*"
2144,167118902,"M2b*"
2144,167135286,"M2b*"
2144,167201078,"M2b*"
2144,167070006,"M2b*"
2144,167053622,"M2b*"
2145,418646070,"M2b*"
2145,418777142,"M2b*"
2145,418793526,"M2b*"
2145,418859318,"M2b*"
2145,418728246,"M2b*"
2145,418711862,"M2b*"
2146,150210614,"M2b*"
2146,150341686,"M2b*"
2146,150358070,"M2b*"
2146,150423862,"M2b*"
2146,150292790,"M2b*"
2146,150276406,"M2b*"
2147,410257462,"M2b*"
2147,410388534,"M2b*"
2147,410404918,"M2b*"
2147,410470710,"M2b*"
2147,410339638,"M2b*"
2147,410323254,"M2b*"
2148,141822006,"M2b*"
2148,141953078,"M2b*"
2148,141969462,"M2b*"
2148,142035254,"M2b*"
2148,141904182,"M2b*"
2148,141887798,"M2b*"
2149,427034678,"M2b*"
2149,427165750,"M2b*"
2149,427182134,"M2b*"
2149,427247926,"M2b*"
2149,427116854,"M2b*"
2149,427100470,"M2b*"
2150,158599222,"M2b*"
2150,158730294,"M2b*"
2150,158746678,"M2b*"
2150,158812470,"M2b*"
2150,158681398,"M2b*"
2150,158665014,"M2b*"
2151,502545942,"M2*"
2151,502677014,"M2*"
2151,502693398,"M2*"
2151,502758934,"M2*"
2151,502627862,"M2*"
2151,502611478,"M2*"
2152,234110486,"M2*"
2152,234241558,"M2*"
2152,234257942,"M2*"
2152,234323478,"M2*"
2152,234192406,"M2*"
2152,234176022,"M2*"
2153,485768726,"M2*"
2153,485899798,"M2*"
2153,485916182,"M2*"
2153,485981718,"M2*"
2153,485850646,"M2*"
2153,485834262,"M2*"
2154,217333270,"M2*"
2154,217464342,"M2*"
2154,217480726,"M2*"
2154,217546262,"M2*"
2154,217415190,"M2*"
2154,217398806,"M2*"
2155,477380118,"M2*"
2155,477511190,"M2*"
2155,477527574,"M2*"
2155,477593110,"M2*"
2155,477462038,"M2*"
2155,477445654,"M2*"
2156,208944662,"M2*"
2156,209075734,"M2*"
2156,209092118,"M2*"
2156,209157654,"M2*"
2156,209026582,"M2*"
2156,209010198,"M2*"
2157,494157334,"M2*"
2157,494288406,"M2*"
2157,494304790,"M2*"
2157,494370326,"M2*"
2157,494239254,"M2*"
2157,494222870,"M2*"
2158,225721878,"M2*"
2158,225852950,"M2*"
2158,225869334,"M2*"
2158,225934870,"M2*"
2158,225803798,"M2*"
2158,225787414,"M2*"
2159,494681622,"M2*"
2159,494812694,"M2*"
2159,494829078,"M2*"
2159,494894614,"M2*"
2159,494763542,"M2*"
2159,494747158,"M2*"
2160,226246166,"M2*"
2160,226377238,"M2*"
2160,226393622,"M2*"
2160,226459158,"M2*"
2160,226328086,"M2*"
2160,226311702,"M2*"
2161,477904406,"M2*"
2161,478035478,"M2*"
2161,478051862,"M2*"
2161,478117398,"M2*"
2161,477986326,"M2*"
2161,477969942,"M2*"
2162,209468950,"M2*"
2162,209600022,"M2*"
2162,209616406,"M2*"
2162,209681942,"M2*"
2162,209550870,"M2*"
2162,209534486,"M2*"
2163,486293014,"M2*"
2163,486424086,"M2*"
2163,486440470,"M2*"
2163,486506006,"M2*"
2163,486374934,"M2*"
2163,486358550,"M2*"
2164,217857558,"M2*"
2164,217988630,"M2*"
2164,218005014,"M2*"
2164,218070550,"M2*"
2164,217939478,"M2*"
2164,217923094,"M2*"
2165,503070230,"M2*"
2165,503201302,"M2*"
2165,503217686,"M2*"
2165,503283222,"M2*"
2165,503152150,"M2*"
2165,503135766,"M2*"
2166,234634774,"M2*"
2166,234765846,"M2*"
2166,234782230,"M2*"
2166,234847766,"M2*"
2166,234716694,"M2*"
2166,234700310,"M2*"
2167,502021652,"M2*"
2167,502152724,"M2*"
2167,502169108,"M2*"
2167,502234644,"M2*"
2167,502103572,"M2*"
2167,502087188,"M2*"
2168,233586196,"M2*"
2168,233717268,"M2*"
2168,233733652,"M2*"
2168,233799188,"M2*"
2168,233668116,"M2*"
2168,233651732,"M2*"
2169,485244436,"M2*"
2169,485375508,"M2*"
2169,485391892,"M2*"
2169,485457428,"M2*"
2169,485326356,"M2*"
2169,485309972,"M2*"
2170,216808980,"M2*"
2170,216940052,"M2*"
2170,216956436,"M2*"
2170,217021972,"M2*"
2170,216890900,"M2*"
2170,216874516,"M2*"
2171,476855828,"M2*"
2171,476986900,"M2*"
2171,477003284,"M2*"
2171,477068820,"M2*"
2171,476937748,"M2*"
2171,476921364,"M2*"
2172,208420372,"M2*"
2172,208551444,"M2*"
2172,208567828,"M2*"
2172,208633364,"M2*"
2172,208502292,"M2*"
2172,208485908,"M2*"
2173,493633044,"M2*"
2173,493764116,"M2*"
2173,493780500,"M2*"
2173,493846036,"M2*"
2173,493714964,"M2*"
2173,493698580,"M2*"
2174,225197588,"M2*"
2174,225328660,"M2*"
2174,225345044,"M2*"
2174,225410580,"M2*"
2174,225279508,"M2*"
2174,225263124,"M2*"
2175,494681620,"M2*"
2175,494812692,"M2*"
2175,494829076,"M2*"
2175,494894612,"M2*"
2175,494763540,"M2*"
2175,494747156,"M2*"
2176,226246164,"M2*"
2176,226377236,"M2*"
2176,226393620,"M2*"
2176,226459156,"M2*"
2176,226328084,"M2*"
2176,226311700,"M2*"
2177,477904404,"M2*"
2177,478035476,"M2*"
2177,478051860,"M2*"
2177,478117396,"M2*"
2177,477986324,"M2*"
2177,477969940,"M2*"
2178,209468948,"M2*"
2178,209600020,"M2*"
2178,209616404,"M2*"
2178,209681940,"M2*"
2178,209550868,"M2*"
2178,209534484,"M2*"
2179,486293012,"M2*"
2179,486424084,"M2*"
2179,486440468,"M2*"
2179,486506004,"M2*"
2179,486374932,"M2*"
2179,486358548,"M2*"
2180,217857556,"M2*"
2180,217988628,"M2*"
2180,218005012,"M2*"
2180,218070548,"M2*"
2180,217939476,"M2*"
2180,217923092,"M2*"
2181,503070228,"M2*"
2181,503201300,"M2*"
2181,503217684,"M2*"
2181,503283220,"M2*"
2181,503152148,"M2*"
2181,503135764,"M2*"
2182,234634772,"M2*"
2182,234765844,"M2*"
2182,234782228,"M2*"
2182,234847764,"M2*"
2182,234716692,"M2*"
2182,234700308,"M2*"
2183,502545940,"M2*"
2183,502677012,"M2*"
2183,502693396,"M2*"
2183,502758932,"M2*"
2183,502627860,"M2*"
2183,502611476,"M2*"
2184,234110484,"M2*"
2184,234241556,"M2*"
2184,234257940,"M2*"
2184,234323476,"M2*"
2184,234192404,"M2*"
2184,234176020,"M2*"
2185,485768724,"M2*"
2185,485899796,"M2*"
2185,485916180,"M2*"
2185,485981716,"M2*"
2185,485850644,"M2*"
2185,485834260,"M2*"
2186,217333268,"M2*"
2186,217464340,"M2*"
2186,217480724,"M2*"
2186,217546260,"M2*"
2186,217415188,"M2*"
2186,217398804,"M2*"
2187,477380116,"M2*"
2187,477511188,"M2*"
2187,477527572,"M2*"
2187,477593108,"M2*"
2187,477462036,"M2*"
2187,477445652,"M2*"
2188,208944660,"M2*"
2188,209075732,"M2*"
2188,209092116,"M2*"
2188,209157652,"M2*"
2188,209026580,"M2*"
2188,209010196,"M2*"
2189,494157332,"M2*"
2189,494288404,"M2*"
2189,494304788,"M2*"
2189,494370324,"M2*"
2189,494239252,"M2*"
2189,494222868,"M2*"
2190,225721876,"M2*"
2190,225852948,"M2*"
2190,225869332,"M2*"
2190,225934868,"M2*"
2190,225803796,"M2*"
2190,225787412,"M2*"
2191,493108756,"M2*"
2191,493239828,"M2*"
2191,493256212,"M2*"
2191,493321748,"M2*"
2191,493190676,"M2*"
2191,493174292,"M2*"
2192,224673300,"M2*"
2192,224804372,"M2*"
2192,224820756,"M2*"
2192,224886292,"M2*"
2192,224755220,"M2*"
2192,224738836,"M2*"
2193,476331540,"M2*"
2193,476462612,"M2*"
2193,476478996,"M2*"
2193,476544532,"M2*"
2193,476413460,"M2*"
2193,476397076,"M2*"
2194,207896084,"M2*"
2194,208027156,"M2*"
2194,208043540,"M2*"
2194,208109076,"M2*"
2194,207978004,"M2*"
2194,207961620,"M2*"
2195,484720148,"M2*"
2195,484851220,"M2*"
2195,484867604,"M2*"
2195,484933140,"M2*"
2195,484802068,"M2*"
2195,484785684,"M2*"
2196,216284692,"M2*"
2196,216415764,"M2*"
2196,216432148,"M2*"
2196,216497684,"M2*"
2196,216366612,"M2*"
2196,216350228,"M2*"
2197,501497364,"M2*"
2197,501628436,"M2*"
2197,501644820,"M2*"
2197,501710356,"M2*"
2197,501579284,"M2*"
2197,501562900,"M2*"
2198,233061908,"M2*"
2198,233192980,"M2*"
2198,233209364,"M2*"
2198,233274900,"M2*"
2198,233143828,"M2*"
2198,233127444,"M2*"
2199,214187536,"M2*"
2199,214318608,"M2*"
2199,214334992,"M2*"
2199,214400528,"M2*"
2199,214269456,"M2*"
2199,214253072,"M2*"
2200,482622992,"M2*"
2200,482754064,"M2*"
2200,482770448,"M2*"
2200,482835984,"M2*"
2200,482704912,"M2*"
2200,482688528,"M2*"
2201,230964752,"M2*"
2201,231095824,"M2*"
2201,231112208,"M2*"
2201,231177744,"M2*"
2201,231046672,"M2*"
2201,231030288,"M2*"
2202,499400208,"M2*"
2202,499531280,"M2*"
2202,499547664,"M2*"
2202,499613200,"M2*"
2202,499482128,"M2*"
2202,499465744,"M2*"
2203,483671568,"M2*"
2203,483802640,"M2*"
2203,483819024,"M2*"
2203,483884560,"M2*"
2203,483753488,"M2*"
2203,483737104,"M2*"
2204,215236112,"M2*"
2204,215367184,"M2*"
2204,215383568,"M2*"
2204,215449104,"M2*"
2204,215318032,"M2*"
2204,215301648,"M2*"
2205,500448784,"M2*"
2205,500579856,"M2*"
2205,500596240,"M2*"
2205,500661776,"M2*"
2205,500530704,"M2*"
2205,500514320,"M2*"
2206,232013328,"M2*"
2206,232144400,"M2*"
2206,232160784,"M2*"
2206,232226320,"M2*"
2206,232095248,"M2*"
2206,232078864,"M2*"
2207,500973072,"M2*"
2207,501104144,"M2*"
2207,501120528,"M2*"
2207,501186064,"M2*"
2207,501054992,"M2*"
2207,501038608,"M2*"
2208,232537616,"M2*"
2208,232668688,"M2*"
2208,232685072,"M2*"
2208,232750608,"M2*"
2208,232619536,"M2*"
2208,232603152,"M2*"
2209,484195856,"M2*"
2209,484326928,"M2*"
2209,484343312,"M2*"
2209,484408848,"M2*"
2209,484277776,"M2*"
2209,484261392,"M2*"
2210,215760400,"M2*"
2210,215891472,"M2*"
2210,215907856,"M2*"
2210,215973392,"M2*"
2210,215842320,"M2*"
2210,215825936,"M2*"
2211,483147280,"M2*"
2211,483278352,"M2*"
2211,483294736,"M2*"
2211,483360272,"M2*"
2211,483229200,"M2*"
2211,483212816,"M2*"
2212,214711824,"M2*"
2212,214842896,"M2*"
2212,214859280,"M2*"
2212,214924816,"M2*"
2212,214793744,"M2*"
2212,214777360,"M2*"
2213,499924496,"M2*"
2213,500055568,"M2*"
2213,500071952,"M2*"
2213,500137488,"M2*"
2213,500006416,"M2*"
2213,499990032,"M2*"
2214,231489040,"M2*"
2214,231620112,"M2*"
2214,231636496,"M2*"
2214,231702032,"M2*"
2214,231570960,"M2*"
2214,231554576,"M2*"
2215,493630997,"M0*"
2215,493762069,"M0*"
2215,493778453,"M0*"
2215,493843989,"M0*"
2215,493712917,"M0*"
2215,493696533,"M0*"
2216,476853781,"M0*"
2216,476984853,"M0*"
2216,477001237,"M0*"
2216,477066773,"M0*"
2216,476935701,"M0*"
2216,476919317,"M0*"
2217,502019605,"M0*"
2217,502150677,"M0*"
2217,502167061,"M0*"
2217,502232597,"M0*"
2217,502101525,"M0*"
2217,502085141,"M0*"
2218,485242389,"M0*"
2218,485373461,"M0*"
2218,485389845,"M0*"
2218,485455381,"M0*"
2218,485324309,"M0*"
2218,485307925,"M0*"
2219,503068181,"M0*"
2219,503199253,"M0*"
2219,503215637,"M0*"
2219,503281173,"M0*"
2219,503150101,"M0*"
2219,503133717,"M0*"
2220,486290965,"M0*"
2220,486422037,"M0*"
2220,486438421,"M0*"
2220,486503957,"M0*"
2220,486372885,"M0*"
2220,486356501,"M0*"
2221,494679573,"M0*"
2221,494810645,"M0*"
2221,494827029,"M0*"
2221,494892565,"M0*"
2221,494761493,"M0*"
2221,494745109,"M0*"
2222,477902357,"M0*"
2222,478033429,"M0*"
2222,478049813,"M0*"
2222,478115349,"M0*"
2222,477984277,"M0*"
2222,477967893,"M0*"
2223,500971025,"M0*"
2223,501102097,"M0*"
2223,501118481,"M0*"
2223,501184017,"M0*"
2223,501052945,"M0*"
2223,501036561,"M0*"
2224,484193809,"M0*"
2224,484324881,"M0*"
2224,484341265,"M0*"
2224,484406801,"M0*"
2224,484275729,"M0*"
2224,484259345,"M0*"
2225,499922449,"M0*"
2225,500053521,"M0*"
2225,500069905,"M0*"
2225,500135441,"M0*"
2225,500004369,"M0*"
2225,499987985,"M0*"
2226,483145233,"M0*"
2226,483276305,"M0*"
2226,483292689,"M0*"
2226,483358225,"M0*"
2226,483227153,"M0*"
2226,483210769,"M0*"
2227,232273425,"M0*"
2227,232404497,"M0*"
2227,232420881,"M0*"
2227,232486417,"M0*"
2227,232355345,"M0*"
2227,232338961,"M0*"
2228,215496209,"M0*"
2228,215627281,"M0*"
2228,215643665,"M0*"
2228,215709201,"M0*"
2228,215578129,"M0*"
2228,215561745,"M0*"
2229,231224849,"M0*"
2229,231355921,"M0*"
2229,231372305,"M0*"
2229,231437841,"M0*"
2229,231306769,"M0*"
2229,231290385,"M0*"
2230,214447633,"M0*"
2230,214578705,"M0*"
2230,214595089,"M0*"
2230,214660625,"M0*"
2230,214529553,"M0*"
2230,214513169,"M0*"
2231,225981973,"M0*"
2231,226113045,"M0*"
2231,226129429,"M0*"
2231,226194965,"M0*"
2231,226063893,"M0*"
2231,226047509,"M0*"
2232,209204757,"M0*"
2232,209335829,"M0*"
2232,209352213,"M0*"
2232,209417749,"M0*"
2232,209286677,"M0*"
2232,209270293,"M0*"
2233,224933397,"M0*"
2233,225064469,"M0*"
2233,225080853,"M0*"
2233,225146389,"M0*"
2233,225015317,"M0*"
2233,224998933,"M0*"
2234,208156181,"M0*"
2234,208287253,"M0*"
2234,208303637,"M0*"
2234,208369173,"M0*"
2234,208238101,"M0*"
2234,208221717,"M0*"
2235,233322005,"M0*"
2235,233453077,"M0*"
2235,233469461,"M0*"
2235,233534997,"M0*"
2235,233403925,"M0*"
2235,233387541,"M0*"
2236,216544789,"M0*"
2236,216675861,"M0*"
2236,216692245,"M0*"
2236,216757781,"M0*"
2236,216626709,"M0*"
2236,216610325,"M0*"
2237,234370581,"M0*"
2237,234501653,"M0*"
2237,234518037,"M0*"
2237,234583573,"M0*"
2237,234452501,"M0*"
2237,234436117,"M0*"
2238,217593365,"M0*"
2238,217724437,"M0*"
2238,217740821,"M0*"
2238,217806357,"M0*"
2238,217675285,"M0*"
2238,217658901,"M0*"
2239,503068191,"M1*"
2239,503199263,"M1*"
2239,503215647,"M1*"
2239,503281183,"M1*"
2239,503150111,"M1*"
2239,503133727,"M1*"
2240,486290975,"M1*"
2240,486422047,"M1*"
2240,486438431,"M1*"
2240,486503967,"M1*"
2240,486372895,"M1*"
2240,486356511,"M1*"
2241,494679583,"M1*"
2241,494810655,"M1*"
2241,494827039,"M1*"
2241,494892575,"M1*"
2241,494761503,"M1*"
2241,494745119,"M1*"
2242,477902367,"M1*"
2242,478033439,"M1*"
2242,478049823,"M1*"
2242,478115359,"M1*"
2242,477984287,"M1*"
2242,477967903,"M1*"
2243,500971035,"M1*"
2243,501102107,"M1*"
2243,501118491,"M1*"
2243,501184027,"M1*"
2243,501052955,"M1*"
2243,501036571,"M1*"
2244,484193819,"M1*"
2244,484324891,"M1*"
2244,484341275,"M1*"
2244,484406811,"M1*"
2244,484275739,"M1*"
2244,484259355,"M1*"
2245,225981983,"M1*"
2245,226113055,"M1*"
2245,226129439,"M1*"
2245,226194975,"M1*"
2245,226063903,"M1*"
2245,226047519,"M1*"
2246,209204767,"M1*"
2246,209335839,"M1*"
2246,209352223,"M1*"
2246,209417759,"M1*"
2246,209286687,"M1*"
2246,209270303,"M1*"
2247,234370591,"M1*"
2247,234501663,"M1*"
2247,234518047,"M1*"
2247,234583583,"M1*"
2247,234452511,"M1*"
2247,234436127,"M1*"
2248,217593375,"M1*"
2248,217724447,"M1*"
2248,217740831,"M1*"
2248,217806367,"M1*"
2248,217675295,"M1*"
2248,217658911,"M1*"
2249,158859327,"M1*"
2249,158990399,"M1*"
2249,159006783,"M1*"
2249,159072575,"M1*"
2249,158941503,"M1*"
2249,158925119,"M1*"
2250,142082111,"M1*"
2250,142213183,"M1*"
2250,142229567,"M1*"
2250,142295359,"M1*"
2250,142164287,"M1*"
2250,142147903,"M1*"
2251,167247935,"M1*"
2251,167379007,"M1*"
2251,167395391,"M1*"
2251,167461183,"M1*"
2251,167330111,"M1*"
2251,167313727,"M1*"
2252,150470719,"M1*"
2252,150601791,"M1*"
2252,150618175,"M1*"
2252,150683967,"M1*"
2252,150552895,"M1*"
2252,150536511,"M1*"
2253,162005165,"M1*"
2253,162136237,"M1*"
2253,162152621,"M1*"
2253,162218413,"M1*"
2253,162087341,"M1*"
2253,162070957,"M1*"
2254,145227949,"M1*"
2254,145359021,"M1*"
2254,145375405,"M1*"
2254,145441197,"M1*"
2254,145310125,"M1*"
2254,145293741,"M1*"
2255,159908009,"M1*"
2255,160039081,"M1*"
2255,160055465,"M1*"
2255,160121257,"M1*"
2255,159990185,"M1*"
2255,159973801,"M1*"
2256,143130793,"M1*"
2256,143261865,"M1*"
2256,143278249,"M1*"
2256,143344041,"M1*"
2256,143212969,"M1*"
2256,143196585,"M1*"
2257,213399183,"M1*"
2257,213530255,"M1*"
2257,213546639,"M1*"
2257,213612175,"M1*"
2257,213481103,"M1*"
2257,213464719,"M1*"
2258,230176399,"M1*"
2258,230307471,"M1*"
2258,230323855,"M1*"
2258,230389391,"M1*"
2258,230258319,"M1*"
2258,230241935,"M1*"
2259,146276527,"M1*"
2259,146407599,"M1*"
2259,146423983,"M1*"
2259,146489775,"M1*"
2259,146358703,"M1*"
2259,146342319,"M1*"
2260,163053743,"M1*"
2260,163184815,"M1*"
2260,163201199,"M1*"
2260,163266991,"M1*"
2260,163135919,"M1*"
2260,163119535,"M1*"
2261,232273435,"M1*"
2261,232404507,"M1*"
2261,232420891,"M1*"
2261,232486427,"M1*"
2261,232355355,"M1*"
2261,232338971,"M1*"
2262,215496219,"M1*"
2262,215627291,"M1*"
2262,215643675,"M1*"
2262,215709211,"M1*"
2262,215578139,"M1*"
2262,215561755,"M1*"
2263,165150779,"M1*"
2263,165281851,"M1*"
2263,165298235,"M1*"
2263,165364027,"M1*"
2263,165232955,"M1*"
2263,165216571,"M1*"
2264,148373563,"M1*"
2264,148504635,"M1*"
2264,148521019,"M1*"
2264,148586811,"M1*"
2264,148455739,"M1*"
2264,148439355,"M1*"
2265,211302027,"M1*"
2265,211433099,"M1*"
2265,211449483,"M1*"
2265,211515019,"M1*"
2265,211383947,"M1*"
2265,211367563,"M1*"
2266,228079243,"M1*"
2266,228210315,"M1*"
2266,228226699,"M1*"
2266,228292235,"M1*"
2266,228161163,"M1*"
2266,228144779,"M1*"
2267,144179371,"M1*"
2267,144310443,"M1*"
2267,144326827,"M1*"
2267,144392619,"M1*"
2267,144261547,"M1*"
2267,144245163,"M1*"
2268,160956587,"M1*"
2268,161087659,"M1*"
2268,161104043,"M1*"
2268,161169835,"M1*"
2268,161038763,"M1*"
2268,161022379,"M1*"
2269,219690507,"M1*"
2269,219821579,"M1*"
2269,219837963,"M1*"
2269,219903499,"M1*"
2269,219772427,"M1*"
2269,219756043,"M1*"
2270,202913291,"M1*"
2270,203044363,"M1*"
2270,203060747,"M1*"
2270,203126283,"M1*"
2270,202995211,"M1*"
2270,202978827,"M1*"
2271,223884811,"M1*"
2271,224015883,"M1*"
2271,224032267,"M1*"
2271,224097803,"M1*"
2271,223966731,"M1*"
2271,223950347,"M1*"
2272,207107595,"M1*"
2272,207238667,"M1*"
2272,207255051,"M1*"
2272,207320587,"M1*"
2272,207189515,"M1*"
2272,207173131,"M1*"
2273,221787663,"M1*"
2273,221918735,"M1*"
2273,221935119,"M1*"
2273,222000655,"M1*"
2273,221869583,"M1*"
2273,221853199,"M1*"
2274,205010447,"M1*"
2274,205141519,"M1*"
2274,205157903,"M1*"
2274,205223439,"M1*"
2274,205092367,"M1*"
2274,205075983,"M1*"
2275,156762123,"M1*"
2275,156893195,"M1*"
2275,156909579,"M1*"
2275,156975115,"M1*"
2275,156844043,"M1*"
2275,156827659,"M1*"
2276,139984907,"M1*"
2276,140115979,"M1*"
2276,140132363,"M1*"
2276,140197899,"M1*"
2276,140066827,"M1*"
2276,140050443,"M1*"
2277,135790603,"M1*"
2277,135921675,"M1*"
2277,135938059,"M1*"
2277,136003595,"M1*"
2277,135872523,"M1*"
2277,135856139,"M1*"
2278,152567819,"M1*"
2278,152698891,"M1*"
2278,152715275,"M1*"
2278,152780811,"M1*"
2278,152649739,"M1*"
2278,152633355,"M1*"
2279,154665007,"M1*"
2279,154796079,"M1*"
2279,154812463,"M1*"
2279,154878255,"M1*"
2279,154747183,"M1*"
2279,154730799,"M1*"
2280,137887791,"M1*"
2280,138018863,"M1*"
2280,138035247,"M1*"
2280,138101039,"M1*"
2280,137969967,"M1*"
2280,137953583,"M1*"
2281,153616429,"M1*"
2281,153747501,"M1*"
2281,153763885,"M1*"
2281,153829677,"M1*"
2281,153698605,"M1*"
2281,153682221,"M1*"
2282,136839213,"M1*"
2282,136970285,"M1*"
2282,136986669,"M1*"
2282,137052461,"M1*"
2282,136921389,"M1*"
2282,136905005,"M1*"
2283,152111104,"M2*"
2283,152305666,"M2*"
2283,152207362,"M2*"
2283,152258560,"M2*"
2283,152387586,"M2*"
2283,152141826,"M2*"
2284,135333888,"M2*"
2284,135528450,"M2*"
2284,135430146,"M2*"
2284,135481344,"M2*"
2284,135610370,"M2*"
2284,135364610,"M2*"
2285,152076290,"M2*"
2285,152242176,"M2*"
2285,152322050,"M2*"
2285,152272898,"M2*"
2285,152127488,"M2*"
2285,152371202,"M2*"
2286,135299074,"M2*"
2286,135464960,"M2*"
2286,135544834,"M2*"
2286,135495682,"M2*"
2286,135350272,"M2*"
2286,135593986,"M2*"
2287,152143872,"M2c*"
2287,152373248,"M2c*"
2287,152338434,"M2c*"
2287,152274944,"M2c*"
2287,152389632,"M2c*"
2287,152403970,"M2c*"
2288,135366656,"M2c*"
2288,135596032,"M2c*"
2288,135561218,"M2c*"
2288,135497728,"M2c*"
2288,135612416,"M2c*"
2288,135626754,"M2c*"
2289,138444800,"M2*"
2289,138610688,"M2*"
2289,138690560,"M2*"
2289,138641408,"M2*"
2289,138496000,"M2*"
2289,138739712,"M2*"
2290,155222016,"M2*"
2290,155387904,"M2*"
2290,155467776,"M2*"
2290,155418624,"M2*"
2290,155273216,"M2*"
2290,155516928,"M2*"
2291,138512384,"M2c*"
2291,138741760,"M2c*"
2291,138706944,"M2c*"
2291,138643456,"M2c*"
2291,138758144,"M2c*"
2291,138772480,"M2c*"
2292,155289600,"M2c*"
2292,155518976,"M2c*"
2292,155484160,"M2c*"
2292,155420672,"M2c*"
2292,155535360,"M2c*"
2292,155549696,"M2c*"
2293,155256832,"M2*"
2293,155451392,"M2*"
2293,155353088,"M2*"
2293,155404288,"M2*"
2293,155533312,"M2*"
2293,155287552,"M2*"
2294,138479616,"M2*"
2294,138674176,"M2*"
2294,138575872,"M2*"
2294,138627072,"M2*"
2294,138756096,"M2*"
2294,138510336,"M2*"
